row,study,dep,modality,y,v,approx,gendate,family,effort,expert,train,yrun,comps,n,conf,reset,is_video,gd_x_video
ST001-b,ST001,ST001-D2,video,0.16000000000000003,3.69078947368421e-05,1,2020.445,mixed (dataset),0,0,0,2020.5,DFDC (full dataset),304.0,high,0,1,0.44499999999993634
ST001-c,ST001,ST001-D3,video,0.18999999999999995,2.328036569438398e-05,1,2020.445,mixed (dataset),0,0,0,2021.0,DFDC (full dataset),9188.0,high,0,1,0.44499999999993634
ST002-a,ST002,ST002-D1,audio,0.1409999999999999,1.9176583333333335e-05,1,2023.638,zero-shot cloning,0,0,1,2024.5,ElevenLabs Multilingual v2,300.0,high,0,0,0.0
ST003-a,ST003,ST003-D1,audio,0.2034999999999999,4.011302884615385e-05,1,2021.441,parametric/early neural TTS,0,0,0,2022.5,VITS,260.0,high,0,0,0.0
ST003-b,ST003,ST003-D2,audio,0.3559,2.2924756505576206e-05,1,2021.441,parametric/early neural TTS,0,0,0,2022.5,VITS,269.0,high,0,0,0.0
ST004-a,ST004,ST004-D1,video,0.07600000000000007,6.407619047619046e-05,0,2020.445,mixed (dataset),2,0,0,2020.5,DFDC (full dataset),210.0,high,0,1,0.44499999999993634
ST005-a,ST005,ST005-D1,video,0.14,0.00045988023952095805,1,2020.642,GAN reenactment,1,0,1,2021.5,Wav2Lip,501.0,high,1,1,0.6420000000000528
ST005-b,ST005,ST005-D1,video,0.18999999999999995,0.00042694610778443116,1,2020.642,GAN reenactment,1,0,1,2021.5,Wav2Lip,501.0,high,1,1,0.6420000000000528
ST005-c,ST005,ST005-D1,video,0.35,0.0002544910179640719,1,2020.642,GAN reenactment,1,0,1,2021.5,Wav2Lip,501.0,high,1,1,0.6420000000000528
ST005-d,ST005,ST005-D1,video,0.36,0.00024031936127744512,1,2020.642,GAN reenactment,1,0,1,2021.5,Wav2Lip,501.0,high,1,1,0.6420000000000528
ST005-e,ST005,ST005-D2,video,0.15000000000000002,5.506741219470868e-06,1,2020.642,GAN reenactment,1,0,1,2022.0,Wav2Lip,41313.0,high,1,1,0.6420000000000528
ST005-f,ST005,ST005-D2,video,0.31999999999999995,3.572725292280881e-06,1,2020.642,GAN reenactment,1,0,1,2022.0,Wav2Lip,41313.0,high,1,1,0.6420000000000528
ST005-g,ST005,ST005-D2,video,0.32999999999999996,3.4153898288674273e-06,1,2020.642,GAN reenactment,1,0,1,2022.0,Wav2Lip,41313.0,high,1,1,0.6420000000000528
ST006-a,ST006,ST006-D1,audio,0.30000000000000004,0.0003389830508474576,1,2019.5,mixed (dataset),0,0,1,2021.5,ASVspoof 2019 LA (dataset),472.0,medium,0,0,-0.0
ST007-a,ST007,ST007-D1,video,0.10699999999999998,3.7224669603524234e-05,0,2020.445,mixed (dataset),2,0,0,2022.5,DFDC (full dataset),454.0,high,0,1,0.44499999999993634
ST008-a,ST008,ST008-D1,audio,0.19999999999999996,5.25e-05,1,2023.638,zero-shot cloning,0,0,0,2024.5,ElevenLabs Multilingual v2,50.0,high,0,0,0.0
ST008-b,ST008,ST008-D2,audio,0.020000000000000018,6.24e-05,1,2023.638,zero-shot cloning,0,0,0,2024.5,ElevenLabs Multilingual v2,50.0,high,0,0,0.0
ST008-c,ST008,ST008-D3,audio,0.16500000000000004,3.712916666666667e-05,1,2023.638,zero-shot cloning,0,0,0,2024.5,ElevenLabs Multilingual v2,50.0,high,0,0,0.0
ST008-d,ST008,ST008-D3,audio,0.010000000000000009,4.165e-05,1,2023.638,zero-shot cloning,0,0,0,2024.5,ElevenLabs Multilingual v2,50.0,high,0,0,0.0
ST013-a,ST013,ST013-D1,video,0.20999999999999996,8.579166666666667e-05,1,2020.445,mixed (dataset),1,0,1,2019.5,DFDC (full dataset),60.0,medium,0,1,0.44499999999993634
ST015-a,ST015,ST015-D1,video,0.30000000000000004,7.07338638373121e-06,1,2019.737,mixed (dataset),0,0,0,2022.5,Celeb-DF (dataset),130.0,high,0,1,-0.26299999999991996
ST017-a,ST017,ST017-DUSA,audio,0.005700000000000038,3.932277372262774e-05,0,2020.779,parametric/early neural TTS,0,0,0,2022.5,HiFi-GAN,274.0,high,0,0,0.0
ST017-b,ST017,ST017-DGermany,audio,0.09150000000000003,6.693164383561644e-05,0,2020.779,parametric/early neural TTS,0,0,0,2022.5,HiFi-GAN,292.0,high,0,0,0.0
ST017-c,ST017,ST017-DChina,audio,0.017299999999999982,4.464555921052632e-05,0,2020.779,parametric/early neural TTS,0,0,0,2022.5,HiFi-GAN,304.0,high,0,0,0.0
ST018-a,ST018,ST018-D1,video,0.010000000000000009,6.197916666666667e-05,1,2020.445,mixed (dataset),0,0,0,2023.5,DFDC (full dataset),2016.0,high,0,1,0.44499999999993634
ST019-a,ST019,ST019-D1,video,0.21019999999999994,0.00023382031250000003,0,2019.737,mixed (dataset),1,0,0,2021.5,Celeb-DF (dataset),128.0,high,0,1,-0.26299999999991996
ST019-b,ST019,ST019-D1,video,0.2238,0.00014535124999999997,0,2019.737,mixed (dataset),1,0,0,2021.5,Celeb-DF (dataset),128.0,high,0,1,-0.26299999999991996
ST025-a,ST025,ST025-D1,audio,0.639,0.004357387096774192,1,2021.923,zero-shot cloning,2,0,0,2022.5,YourTTS,31.0,high,0,0,0.0
ST025-c,ST025,ST025-D2,audio,0.36629999999999996,9.73313529411765e-05,1,2021.923,zero-shot cloning,0,0,0,2022.5,YourTTS,85.0,high,0,0,0.0
ST028-a,ST028,ST028-D1,video,0.07109999999999994,1.6712935998908295e-05,1,2017.953,face-swap autoencoder,1,0,0,2020.5,FaceSwap (open-source),1832.0,low,1,1,-2.0470000000000255
ST028-b,ST028,ST028-D2,video,0.044499999999999984,1.6922744950873363e-05,1,2017.953,face-swap autoencoder,1,0,0,2020.5,FaceSwap (open-source),1832.0,low,1,1,-2.0470000000000255
ST029-a,ST029,ST029-D1,audio,0.12,0.00016998556998557,1,2018.444,zero-shot cloning,2,0,0,2022.5,SV2TTS (speaker-verification transfer TTS),99.0,high,1,0,-0.0
ST031-a,ST031,ST031-D1,video,0.133,5.279795454545454e-05,1,2019.165,face-swap autoencoder,0,0,1,2023.5,SV2TTS (speaker-verification transfer TTS);Wav2Lip;FaceSwap (open-source);FSGAN,110.0,high,0,1,-0.8350000000000364
ST031-b,ST031,ST031-D1,video,0.17980000000000007,4.9470899999999994e-05,1,2019.165,face-swap autoencoder,0,0,1,2023.5,SV2TTS (speaker-verification transfer TTS);Wav2Lip;FaceSwap (open-source);FSGAN,110.0,high,0,1,-0.8350000000000364
ST033-a,ST033,ST033-D1,audio,0.20999999999999996,2.0186274509803926e-05,1,2021.5,mixed (dataset),0,0,0,2023.5,ASVspoof 2021 (dataset),510.0,medium,0,0,0.0
ST033-b,ST033,ST033-D2,audio,0.15000000000000002,2.6331018518518515e-05,1,2021.841,mixed (dataset),0,0,0,2023.5,WaveFake (dataset),432.0,medium,0,0,0.0
ST033-c,ST033,ST033-D3,audio,0.31000000000000005,2.849999999999999e-05,1,2018.444,zero-shot cloning,0,0,0,2023.5,SV2TTS (speaker-verification transfer TTS),270.0,medium,1,0,-0.0
ST035-a,ST035,ST035-D1,audio,0.06000000000000005,0.0006175438596491227,1,2018.83,parametric/early neural TTS,0,0,0,2021.5,WaveGlow,19.0,medium,1,0,-0.0
ST035-b,ST035,ST035-D2,audio,0.14900000000000002,0.000774826530612245,1,2018.83,parametric/early neural TTS,0,0,0,2021.5,WaveGlow,14.0,medium,1,0,-0.0
ST035-c,ST035,ST035-D3,audio,-0.178,0.0006115294117647059,1,2018.83,parametric/early neural TTS,0,0,0,2021.5,WaveGlow,17.0,medium,1,0,-0.0
ST035-d,ST035,ST035-D4,audio,-0.201,0.0001919404761904762,1,2018.83,parametric/early neural TTS,0,0,0,2021.5,WaveGlow,52.0,medium,1,0,-0.0
ST037-a,ST037,ST037-D1,audio,0.03949999999999998,3.611042877906977e-05,1,2023.638,zero-shot cloning,0,0,0,2025.5,ElevenLabs Multilingual v2,172.0,high,0,0,0.0
ST039-a,ST039,ST039-D1,audio,0.133,0.0018149296875,1,2021.5,mixed (dataset),1,0,0,2023.5,ASVspoof 2021 (dataset),16.0,high,0,0,0.0
ST039-b,ST039,ST039-D1,audio,0.039000000000000035,0.0019412421875,1,2023.638,zero-shot cloning,0,0,0,2023.5,ElevenLabs Multilingual v2,16.0,high,0,0,0.0
ST042-a,ST042,ST042-D1,audio,0.06099999999999994,0.00016132702702702703,1,2022.285,zero-shot cloning,0,0,0,2024.5,Tortoise TTS,148.0,high,0,0,0.0
ST042-b,ST042,ST042-D1,video,-0.05970000000000003,0.0002236566554054054,1,2022.552,speech-to-speech conversion,0,0,0,2024.5,Tortoise TTS;FreeVC,148.0,high,1,1,2.5519999999999072
ST043-a,ST043,ST043-D1,video,0.08700000000000008,0.00011291093117408904,0,2019.755,mixed (dataset),1,0,0,2022.5,FaceForensics++ (dataset);DFDC (full dataset),247.0,high,0,1,-0.24499999999989086
ST044-b,ST044,ST044-D1,video,0.26049999999999995,0.00015178312500000002,1,2024.898,diffusion/transformer text-to-video,0,0,0,2025.0,Sora (public);Veo 2;Allegro,60.0,high,0,1,4.897999999999911
ST044-c,ST044,ST044-D1,video,0.23650000000000004,0.000161723125,1,2024.898,diffusion/transformer text-to-video,0,0,0,2025.0,Sora (public);Veo 2;Allegro,60.0,high,0,1,4.897999999999911
ST044-d,ST044,ST044-D1,video,0.2895,0.00013849145833333336,1,2024.898,diffusion/transformer text-to-video,0,0,0,2025.0,Sora (public);Veo 2;Allegro,60.0,high,0,1,4.897999999999911
ST044-e,ST044,ST044-D1,video,0.37049999999999994,9.394145833333338e-05,1,2023.932,diffusion/transformer text-to-video,0,0,0,2025.0,RAVE (video editing),60.0,high,1,1,3.9320000000000164
ST044-f,ST044,ST044-D1,video,0.18500000000000005,0.00017981249999999996,1,2023.249,face-swap autoencoder,0,0,0,2025.0,InsightFace inswapper,60.0,high,0,1,3.2490000000000236
ST044-g,ST044,ST044-D1,video,0.21700000000000008,0.00016909249999999995,1,2024.811,diffusion/transformer text-to-video,0,0,0,2025.0,Framer,60.0,high,0,1,4.810999999999922
ST044-h,ST044,ST044-D1,video,0.17299999999999993,0.0001833925,1,2024.363,diffusion/transformer text-to-video,0,0,0,2025.0,DiffuEraser;ProPainter,60.0,high,0,1,4.363000000000056
ST047-a,ST047,ST047-D1,video,0.22599999999999998,1.1051333333333334e-05,1,2019.797,mixed (dataset),1,0,1,2023.5,DFDC preview (dataset),180.0,high,0,1,-0.20299999999997453
ST047-b,ST047,ST047-D2,video,0.19499999999999995,1.177638888888889e-05,1,2019.797,mixed (dataset),1,0,1,2023.5,DFDC preview (dataset),180.0,high,0,1,-0.20299999999997453
ST047-c,ST047,ST047-D3,video,0.18500000000000005,1.1987499999999998e-05,1,2019.797,mixed (dataset),1,0,1,2023.5,DFDC preview (dataset),180.0,high,0,1,-0.20299999999997453
ST047-d,ST047,ST047-D4,video,0.18000000000000005,2.4177777777777776e-05,1,2019.797,mixed (dataset),1,0,1,2023.5,DFDC preview (dataset),180.0,high,0,1,-0.20299999999997453
ST047-e,ST047,ST047-D5,video,0.13,1.295e-05,1,2019.797,mixed (dataset),2,0,1,2023.5,DFDC preview (dataset),180.0,high,0,1,-0.20299999999997453
ST049-a,ST049,ST049-D1,video,0.13,1.7517096265123618e-06,1,2020.445,mixed (dataset),1,0,0,2025.5,DFDC (full dataset),1901.0,high,0,1,0.44499999999993634
ST053-a,ST053,ST053-D1,video,0.18999999999999995,0.010185714285714286,1,2019.737,mixed (dataset),0,0,0,2023.5,Celeb-DF (dataset),21.0,medium,0,1,-0.26299999999991996
ST053-b,ST053,ST053-D1,video,0.16000000000000003,0.010685714285714284,1,2019.737,mixed (dataset),2,0,0,2023.5,Celeb-DF (dataset),21.0,medium,0,1,-0.26299999999991996
ST055-a,ST055,ST055-D1,audio,0.06689999999999996,1.543014014580191e-05,1,2024.705,mixed (dataset),0,0,0,2023.5,VoiceWukong (dataset),204.0,high,0,0,0.0
ST055-b,ST055,ST055-D2,audio,0.2794,1.933599190283401e-05,1,2024.705,mixed (dataset),0,0,0,2023.5,VoiceWukong (dataset),114.0,high,0,0,0.0
ST056-a,ST056,ST056-D1,audio,0.10520000000000007,0.0002401428571428571,0,2023.638,zero-shot cloning,0,0,0,2024.5,ElevenLabs Multilingual v2,28.0,high,0,0,0.0
ST056-b,ST056,ST056-D2,audio,0.07600000000000007,0.0001459446153846154,0,2023.638,zero-shot cloning,0,0,0,2024.5,ElevenLabs Multilingual v2,26.0,high,0,0,0.0
ST061-a,ST061,ST061-D1,video,0.10999999999999999,5.012787723785167e-05,0,2020.445,mixed (dataset),0,0,0,2024.0,DFDC (full dataset),391.0,high,0,1,0.44499999999993634
ST061-d,ST061,ST061-D2,video,0.15000000000000002,0.0012500000000000002,0,2020.445,mixed (dataset),0,0,1,2024.0,DFDC (full dataset),32.0,high,0,1,0.44499999999993634
ST062-a,ST062,ST062-D1,audio,0.39670000000000005,0.0005277925531914894,0,2023.638,zero-shot cloning,0,0,0,2024.5,ElevenLabs Multilingual v2,47.0,high,0,0,0.0
ST062-b,ST062,ST062-D1,audio,0.3576999999999999,0.0005138119148936169,0,2023.638,zero-shot cloning,0,0,0,2024.5,ElevenLabs Multilingual v2,47.0,high,0,0,0.0
ST062-c,ST062,ST062-D2,audio,-0.02090000000000003,0.00099452,0,2023.638,zero-shot cloning,0,0,0,2024.5,ElevenLabs Multilingual v2,47.0,high,0,0,0.0
ST066-a,ST066,ST066-D1,audio,0.17079999999999995,0.00048427052631578953,1,2020.5,mixed (dataset),0,0,0,2023.5,ASVspoof 2019 LA (dataset);ASVspoof 2021 (dataset),12.0,high,0,0,0.0
ST066-d,ST066,ST066-D2,audio,0.19140000000000001,0.00012700359523809524,1,2020.5,mixed (dataset),0,0,0,2023.5,ASVspoof 2019 LA (dataset);ASVspoof 2021 (dataset),30.0,high,0,0,0.0
ST066-g,ST066,ST066-D3,audio,0.18569999999999998,0.00012828304166666668,1,2020.5,mixed (dataset),0,0,0,2023.5,ASVspoof 2019 LA (dataset);ASVspoof 2021 (dataset),30.0,high,0,0,0.0
ST074-a,ST074,ST074-D1,audio,0.04799999999999993,0.0001358416842105263,0,2023.638,zero-shot cloning,2,0,0,2025.5,ElevenLabs Multilingual v2,95.0,medium,0,0,0.0
ST074-b,ST074,ST074-D1,audio,0.137,0.00040566842105263154,1,2023.638,zero-shot cloning,2,0,0,2025.5,ElevenLabs Multilingual v2,95.0,medium,0,0,0.0
ST074-c,ST074,ST074-D1,audio,0.06700000000000006,0.0004307210526315789,1,2023.638,zero-shot cloning,2,0,0,2025.5,ElevenLabs Multilingual v2,95.0,medium,0,0,0.0
ST074-d,ST074,ST074-D1,audio,-0.06,0.00043228070175438605,1,2023.638,zero-shot cloning,2,0,0,2025.5,ElevenLabs Multilingual v2,95.0,medium,0,0,0.0
ST076-b,ST076,ST076-1,video,0.03500000000000003,7.943007662835248e-05,1,2025.381,diffusion/transformer text-to-video,1,0,0,2024.5,Veo 3,87.0,high,0,1,5.3810000000000855
ST076-c,ST076,ST076-1,video,0.21499999999999997,6.506226053639847e-05,1,2024.885,diffusion/transformer text-to-video,1,0,0,2024.5,LTX-Video,87.0,high,0,1,4.884999999999991
ST076-d,ST076,ST076-1,video,0.06499999999999995,7.847222222222222e-05,1,2025.186,diffusion/transformer text-to-video,1,0,0,2024.5,Wan VACE,87.0,high,0,1,5.185999999999922
ST077-a,ST077,ST077-D1,audio,0.20400000000000007,0.0023272727272727273,0,2023.638,zero-shot cloning,1,0,0,2025.0,ElevenLabs Multilingual v2,11.0,high,0,0,0.0
ST078-a,ST078,ST078-1,audio,-0.125,0.0006658380681818181,1,2023.704,zero-shot cloning,1,0,0,2025.5,Play.ht 2.0,22.0,medium,0,0,0.0
ST081-a,ST081,ST081-1,video,0.16400000000000003,0.00013944,1,2025.786,diffusion/transformer text-to-video,0,0,0,2025.5,Veo 3.1,40.0,high,0,1,5.786000000000058
ST082-a,ST082,ST082-1,video,0.15400000000000003,0.00043101714285714285,1,2025.092,diffusion/transformer text-to-video,0,0,0,2025.5,Sora 2;Kling,105.0,medium,0,1,5.092000000000098
ST091-a,ST091,ST091-D1,audio,0.08360000000000001,7.36151230425056e-05,0,2023.638,zero-shot cloning,0,0,0,2025.5,ElevenLabs Multilingual v2,447.0,high,0,0,0.0
ST092-a,ST092,ST092-1,audio,0.18000000000000005,0.00048,0,2022.285,zero-shot cloning,1,0,0,2025.5,Tortoise TTS,30.0,high,0,0,0.0
ST092-b,ST092,ST092-1,audio,0.16000000000000003,0.0005633333333333334,0,2022.285,zero-shot cloning,1,0,0,2025.5,Tortoise TTS,30.0,high,0,0,0.0
ST092-c,ST092,ST092-1,audio,0.25,0.00078125,1,2022.285,zero-shot cloning,1,0,0,2025.5,Tortoise TTS,30.0,high,0,0,0.0
ST096-a,ST096,ST096-1,video,0.09999999999999998,0.01263157894736842,1,2023.948,GAN reenactment,0,0,0,2024.5,XTTS v2 (Coqui);MMS TTS (Fairseq);OpenVoice;Diff2Lip;LatentSync,19.0,medium,0,1,3.9480000000000928
ST100-a,ST100,ST100-1,video,0.28400000000000003,0.00017424,0,2017.953,face-swap autoencoder,0,0,0,2025.5,FaceSwap (open-source),100.0,high,1,1,-2.0470000000000255
ST100-b,ST100,ST100-2,video,0.243,0.00014884,0,2024.464,mixed (dataset),0,0,0,2025.5,DF40 (dataset),100.0,high,0,1,4.463999999999942
ST103-a,ST103,ST103-1,video,0.375,0.0109375,1,2025.367,diffusion/transformer text-to-video,0,1,0,2024.5,Veo 3.1;Wan 2.2;Open-Sora 2.0;HunyuanVideo,10.0,medium,0,1,5.366999999999962
ST106-a,ST106,ST106-D1,video,0.11399999999999999,0.0004937583333333333,1,2023.901,mixed (dataset),0,0,0,2025.5,AV-Deepfake1M (dataset),120.0,high,0,1,3.9010000000000673
ST106-b,ST106,ST106-D2,video,0.20400000000000007,0.0004341333333333332,1,2022.033,mixed (dataset),0,0,0,2025.5,Trusted Media Challenge (dataset),120.0,high,0,1,2.0329999999999018
ST108-a,ST108,ST108-1,video,0.06399999999999995,0.00015926424870466323,1,2024.937,diffusion/transformer text-to-video,1,0,0,2025.5,Sora (public),193.0,high,0,1,4.936999999999898
ST112-a,ST112,ST112-D1,video,0.21389999999999998,0.000259520891089109,0,2025.57,diffusion/transformer text-to-video,1,0,0,2025.5,Wan 2.2,101.0,high,0,1,5.569999999999936
ST112-b,ST112,ST112-D2,video,-0.003100000000000047,0.000375390625,0,2025.57,diffusion/transformer text-to-video,1,1,0,2025.5,Wan 2.2,64.0,high,0,1,5.569999999999936
ST115-a,ST115,ST115-D1,audio,0.18700000000000006,0.00012162386877828053,1,2024.329,mixed (dataset),0,0,1,2026.5,MLAAD (dataset);ASVspoof 5 (dataset),1768.0,medium,0,0,0.0
ST119-a,ST119,ST119-D1,audio,0.37,0.00026180555555555554,1,2024.667,zero-shot cloning,0,0,0,2025.5,MaskGCT,72.0,medium,0,0,0.0
ST120-a,ST120,ST120-D1,video,0.20799999999999996,0.00017754109589041098,0,2019.165,face-swap autoencoder,0,0,0,2025.5,SV2TTS (speaker-verification transfer TTS);Wav2Lip;FaceSwap (open-source);FSGAN,146.0,high,0,1,-0.8350000000000364
ST120-b,ST120,ST120-D1,video,0.30400000000000005,0.00014505960264900666,0,2019.165,face-swap autoencoder,0,0,1,2025.5,SV2TTS (speaker-verification transfer TTS);Wav2Lip;FaceSwap (open-source);FSGAN,151.0,high,0,1,-0.8350000000000364
ST126-a,ST126,ST126-D1,audio,0.05600000000000005,0.00011868461538461538,1,2023.638,zero-shot cloning,0,0,0,2024.5,ElevenLabs Multilingual v2,26.0,medium,0,0,0.0
ST127-a,ST127,ST127-D1,audio,0.07100000000000006,0.00027523483146067414,1,2019.786,mixed (dataset),0,0,0,2025.5,FoR Fake-or-Real (dataset),890.0,low,0,0,-0.0
ST131-a,ST131,ST131-D1,audio,0.39249999999999996,0.0011700457317073175,1,2018.444,zero-shot cloning,0,1,0,2025.5,SV2TTS (speaker-verification transfer TTS),82.0,medium,1,0,-0.0
ST131-b,ST131,ST131-D1,audio,0.39749999999999996,0.0011218750000000003,1,2021.923,zero-shot cloning,0,1,0,2025.5,YourTTS,82.0,medium,0,0,0.0
ST131-c,ST131,ST131-D1,audio,0.12749999999999995,0.0028505335365853657,1,2023.638,zero-shot cloning,0,1,0,2025.5,ElevenLabs Multilingual v2,82.0,medium,0,0,0.0
ST132-a,ST132,ST132-D1,audio,0.06799999999999995,5.187520833333333e-05,0,2023.638,zero-shot cloning,0,0,0,2025.5,ElevenLabs Multilingual v2,48.0,high,0,0,0.0
ST132-b,ST132,ST132-D2,audio,0.07090000000000007,7.512019230769231e-05,0,2023.638,zero-shot cloning,0,0,1,2025.5,ElevenLabs Multilingual v2,52.0,high,0,0,0.0
ST132-c,ST132,ST132-D3,audio,0.0676,9.60498e-05,0,2023.638,zero-shot cloning,0,0,1,2025.5,ElevenLabs Multilingual v2,50.0,high,0,0,0.0
ST132-d,ST132,ST132-D4,audio,0.05500000000000005,7.537254901960783e-05,0,2023.638,zero-shot cloning,0,0,0,2025.5,ElevenLabs Multilingual v2,51.0,high,0,0,0.0
ST132-e,ST132,ST132-D5,audio,0.07100000000000006,5.995183673469387e-05,0,2023.638,zero-shot cloning,0,0,1,2025.5,ElevenLabs Multilingual v2,49.0,high,0,0,0.0
ST132-f,ST132,ST132-D6,audio,0.060699999999999976,9.05858e-05,0,2023.638,zero-shot cloning,0,0,1,2025.5,ElevenLabs Multilingual v2,50.0,high,0,0,0.0
ST133-a,ST133,ST133-D1,video,0.14300000000000002,9.894439655172414e-05,1,2025.934,diffusion/transformer text-to-video,0,0,0,2025.5,Wan 2.6;Veo 3.1;Grok Imagine 1.0;Kling 3.0;Wan 2.2;HunyuanVideo 1.5;LTX 2.3,232.0,medium,0,1,5.933999999999969
ST133-b,ST133,ST133-D1,video,0.25,8.081896551724138e-05,1,2025.534,mixed (dataset),0,0,0,2025.5,Celeb-DF++ (dataset),232.0,medium,0,1,5.5340000000001055
ST133-c,ST133,ST133-D1,video,0.21299999999999997,8.820301724137931e-05,1,2025.496,mixed (dataset),0,0,0,2025.5,DeepSpeak v2 (dataset),232.0,medium,0,1,5.496000000000095
ST139-a,ST139,ST139-D1,video,0.126,9.29063492063492e-05,1,2025.57,diffusion/transformer text-to-video,0,0,0,2025.5,Wan 2.2,84.0,high,0,1,5.569999999999936
ST141-a,ST141,ST141-D1,video,0.18900000000000006,1.1872728280141842e-05,1,2025.438,diffusion/transformer text-to-video,1,0,0,2025.5,Seedance 1.0 Pro,376.0,medium,0,1,5.438000000000102
ST141-b,ST141,ST141-D1,video,0.12850000000000006,1.2937042885638298e-05,1,2025.786,diffusion/transformer text-to-video,1,0,0,2025.5,Veo 3.1,376.0,medium,0,1,5.786000000000058
ST141-c,ST141,ST141-D1,video,0.10999999999999999,1.3181515957446809e-05,1,2025.745,diffusion/transformer text-to-video,1,0,0,2025.5,Sora 2,376.0,medium,0,1,5.744999999999891
ST117-a,ST117,ST117-D1,video,0.37950000000000006,0.00011395672043010747,1,2024.074,speech-to-speech conversion,1,0,0,2025.5,FaceFusion;SyncTalk;HierSpeech++;Seed-VC,31.0,high,0,1,4.074000000000069
ST117-b,ST117,ST117-D2,video,0.27549999999999997,0.0003868883333333334,1,2024.074,speech-to-speech conversion,1,0,0,2025.5,FaceFusion;SyncTalk;HierSpeech++;Seed-VC,15.0,high,0,1,4.074000000000069
ST117-c,ST117,ST117-D3,video,0.23150000000000004,0.00038511323529411766,1,2024.074,speech-to-speech conversion,1,0,0,2025.5,FaceFusion;SyncTalk;HierSpeech++;Seed-VC,17.0,high,0,1,4.074000000000069
ST117-d,ST117,ST117-D4,video,0.2859999999999999,0.00032981176470588244,1,2024.074,speech-to-speech conversion,1,0,0,2025.5,FaceFusion;SyncTalk;HierSpeech++;Seed-VC,17.0,high,0,1,4.074000000000069
ST140-a,ST140,ST140-D1,video,0.13,0.00613421052631579,1,2018.422,face-swap autoencoder,1,0,0,2025.5,DeepFaceLab,38.0,medium,0,1,-1.5779999999999745
