record_id,decision,reason,fulltext_source,modality,n_participants,generators,outcome_reported,notes
R00008,include,Online real-vs-deepfake video detection (2AFC and single-video) with accuracy,https://perception.jhu.edu/files/PDFs/22_Deepfakes/GrohEtAl_DeepfakeDetection_2022_PNAS.pdf,video,"Exp1 882 analysed (5,524 started); Exp2 304 recruited + 9,188 nonrecruited","DFDC (autoencoder face swap, neural talking heads etc.)","Exp1 2AFC ~80% (82% of participants beat model at 65%); Exp2 accuracy 66% recruited, 69% nonrecruited",Multiple experiments/groups; Exp2 data Nov 2020-Jan 2021; model predictions shown after initial response (machine-informed crowd); same DFDC stimuli reused by R00300 Ramon
R00014,include,Listeners judged real vs ElevenLabs cloned voices; accuracy reported,https://www.nature.com/articles/s41598-025-94170-3,audio,300 (Prolific),ElevenLabs Instant Voice Cloning,"accuracy real 67.4%, cloned 60.8%",Also identity-matching task; 2 examples each of real and AI voices before task; no trial feedback; arXiv preprint 2410.03791 is the same study
R00024,include,"Speech deepfake detection experiment, real and synthetic clips, accuracy reported",https://journals.plos.org/plosone/article?id=10.1371/journal.pone.0285333,audio,529 (Prolific; English and Mandarin),VITS TTS,"unary accuracy 70.35% (fakes 73.0%, real 67.8%); binary 85.6%",Two languages; familiarization (training) vs control groups; unary and binary tasks
R00030,include,"Preregistered real vs deepfake video detection, accuracy and bias reported",https://pure.uva.nl/ws/files/67787899/1_s2.0_S2589004221013353_main.pdf,video,"210 (Prolific, mostly UK)",DFDC (MIT DetectFakes subset),accuracy 57.6%; 67.4% responses 'authentic',"Three groups: control, awareness, financial incentive; data 2021"
R00045,include,Political speech deepfake detection across modalities with accuracy,https://www.nature.com/articles/s41467-024-51998-z,audiovisual,"2,215 recruited across 5 preregistered exps + 41,313 nonrecruited (Exp1b)","Wav2Lip, DeepFaceLab, ElevenLabs TTS","accuracy audio-only 81%, silent video 64%, video+audio 86%; TTS deepfakes 72%","Multiple experiments and modalities (also text-only transcripts, which are out of scope); feedback in Exp1 only; Prolific"
R00048,include,"Gamified human vs AI audio deepfake detection, accuracy reported",https://arxiv.org/pdf/2107.09667,audio,"472 users (14,912 rounds)",ASVspoof 2019 LA attacks A07-A19,accuracy ~80%,Trial-by-trial feedback (true label + AI prediction shown) - training/feedback flag; arXiv 2107.09667 is same study
R00067,include,"Real vs deepfake video categorization, accuracy reported",https://www.sciencedirect.com/science/article/pii/S0747563223002686,video,454 (volunteers via Reddit/Facebook),DFDC,accuracy 60.7%,Strategy-intervention vs control groups (no effect); 10 real + 10 fake videos
R00069,include,Listeners judged real human voices vs voice clones and generic AI voices as human/AI,abstract only (PLOS full text fetch failed; press releases QMUL),audio,not retrieved,voice clones and generic AI voices (ElevenLabs per s2; not verified),"numbers missing (% judged human reported in paper, not retrieved)",No hyperrealism effect; also dominance/trust ratings; preprint psyarxiv jqg6e is same study
R00081,exclude,E4: deepfake personas rated on credibility/empathy in a design task; no real-vs-fake judgment,https://www.sciencedirect.com/science/article/pii/S1071581923001052,video,,,,Perception ratings only
R00095,include,User study: 100 experts rated whether clips 'look real' across deepfake datasets,https://arxiv.org/pdf/2001.03024,video,100 (computer vision researchers),"DeeperForensics DF-VAE, Celeb-DF, FaceForensics++, DFDC, DFD, UADFV, DeepFake-TIMIT","% judged real (score 4-5): DF-1.0 64.1%, Celeb-DF 61.0%, DFDC 23.0%",Expert group; likely fake-only (only fake-video realism reported; verify whether real clips included); 5-point realness scale
R00127,include,"Human detection of AI-generated audio, video, audiovisual (and images) near chance",https://api.openalex.org/works/doi:10.1145/3729417,audiovisual,"1,276",not retrieved,accuracy near chance (~50%),"DUPLICATE of R00387 (arXiv preprint, same N=1,276); CACM version; includes image stimuli (out of scope) plus audio/video/audiovisual"
R00147,include,Baseline survey and training study: real vs deepfake video judgments with accuracy,https://manwar.web.illinois.edu/files/DeepFakes___After_Rebuttal.pdf,video,95 baseline; 46 training study (23/23),"FaceForensics++ FaceSwap, Celeb-DF, DeepFaceLab","baseline accuracy 51% (real 88%, fake 38%); fake detection after training 88% vs control 57%","Two studies; only 4 real vs 25 fake videos; baseline age range 11-73 (some minors); training condition; data Aug 2020, Pakistan"
R00150,not_retrieved,"Abstract mentions 30 human listeners spoofed by cloned voices, but unclear whether task is real-vs-fake or speaker verification",abstract only (https://api.openalex.org/works/doi:10.1109/sp61157.2025.00238),audio,30 listeners,five open-source and commercial voice cloning tools,numbers missing,Closed access (IEEE S&P); IEEE PDF blocked; listener task may be speaker identity matching (would be E4)
R00167,include,Participants rated whether videos were deepfakes (real and fake) alongside warning manipulations,https://www.nature.com/articles/s44271-025-00381-9,video,175 / 275 / 223 (3 exps),DeepFaceLab; generative AI video tool (Exp3),% judging video a deepfake: 69.3% / 82% / 60% in fake-specific warning conditions,Multiple experiments; warnings manipulated (transparency labels); real videos only in some conditions (Exp2) - partly fake-only; MTurk/Prolific US/UK
R00178,include,Crowdsourced real vs fake judgments of DFDC videos with accuracy,https://arxiv.org/pdf/2009.03155,video,60 naive subjects (~18.7 answers/video),DFDC,accuracy real 82.2%; deepfakes 95% (very easy) to 24.5% (very difficult),"DUPLICATE of R00282 (same 60 subjects, 120 videos, same numbers); lab at Idiap"
R00181,include,"Participants viewed real and deepfake videos and identified them, then interviews; numbers not available",abstract only (https://api.openalex.org/works/doi:10.1002/pra2.366),video,not retrieved,not retrieved,numbers missing,"Qualitative/exploratory; closed access; likely DUPLICATE of R00340 (Thaw et al. 2021, same first author, same design) and possibly overlapping with R00310 (Goh)"
R00195,include,"Classification of real and deepfake Celeb-DF videos, accuracy reported",https://www.sciencedirect.com/science/article/pii/S0736585323001570,video,130,Celeb-DF,accuracy 0.80 (MCC 0.59),59 real + 115 deepfake videos
R00222,exclude,"E4: behavioural task was speaker identity matching, not a real-vs-fake judgment",https://www.nature.com/articles/s42003-024-06372-6,audio,25,sprocket voice conversion,identity matching 69% for deepfakes vs 87% natural,fMRI study; excluded
R00230,include,Participants identified real vs fake face videos with/without artifact magnification; sensitivity reported,abstract only (https://doi.org/10.1167/jov.23.9.5327),video,not retrieved,Deepfake Caricatures (magnification) on deepfake videos,sensitivity (t-tests) reported; numbers missing,"VSS conference abstract; same research program as R00351/R00384 (Fosco et al.) - possible overlapping data; multiple conditions (low prevalence, time pressure, noise)"
R00239,include,Representative survey in 3 countries: audio rated human vs machine with accuracy,https://arxiv.org/pdf/2312.05976,audio,"3,002 (2,609 eligible); USA, Germany, China",Tacotron 2 + HiFi-GAN TTS,"audio accuracy USA 50.6%, Germany 59.2%, China 51.7%",Also image and text (out of scope); 15 real + 15 fake audio; data Jun-Sep 2022; arXiv 2312.05976 is same study
R00249,exclude,"E4: between-subjects believability/credibility ratings, no real-vs-fake judgment",https://journals.sagepub.com/doi/pdf/10.1177/02673231231184703,video,829,voice actor + deep-learning lip-sync,believability M=3.44 deepfake vs 3.95-4.65 authentic,Credibility only; borderline
R00250,include,"After debrief, participants judged whether watched videos were real or deepfake",https://www.nature.com/articles/s44260-024-00006-y,video,"2,016 (4,032 videos)",DFDC / DFDC Preview,accuracy 51%; MCC 0.334,Unprimed viewing then post-hoc judgment; US Qualtrics panel
R00277,include,Explicit authenticity judgments of real vs deepfake interview clips,abstract only (https://api.openalex.org/works/doi:10.1080/13546783.2024.2391794),video,128,not retrieved,numbers missing (explicit accuracy reported in paper),Explicit and implicit judgments; famous US actors; T&F full text blocked
R00282,include,"Crowdsourced real vs fake judgments of DFDC videos, compared with algorithms",https://publications.idiap.ch/attachments/papers/2021/Korshunov_ICASSP_2021.pdf,video,60 naive subjects,DFDC,AUC 87.5%; real 82.2%; very difficult fakes 24.5%,"DUPLICATE of R00178 (arXiv version, same study)"
R00289,include,Participants judged authenticity of deepfake videos (crowd computing); numbers not available,abstract only (https://link.springer.com/article/10.1007/s41870-023-01494-2),video,not retrieved,not retrieved,numbers missing,Closed access; hybrid human+ML prediction of participant decisions
R00290,include,Listening test: real vs fake environmental sounds judged,https://arxiv.org/html/2403.17529v2,audio,20 (CMU undergraduates),DCASE 2023 Task 7 generative systems,fakes judged fake 49%; real judged real 71%,Non-speech environmental audio; stimuli chosen as ML-misclassified items (adversarial selection); HAL copy same paper
R00291,include,Study 1 compared real vs deepfake video on fakeness rating (between subjects),https://www.tsjournal.org/index.php/jots/article/download/28/15,video,"1,396 (Study 1); 1,925 (Study 2, real video only)",SAEHD face swap (DeepFaceLab),7-point belief-fake ratings; no discernment without warning (numbers on scale),"Published version 'Negative Consequences of Informing Voters about Deepfakes' (JOTS) is same study; Study 2 has no deepfake; warning manipulation; Lucid, 2020"
R00300,include,Police officers and super-recognizers did 2AFC and single-video deepfake detection,https://mattgroh.com/pdfs/Deepfake_Detection_in_Super-Recognizers_and_Police_Officers.pdf,video,193 (2AFC); 132 (single video); Berlin police 89/65,DFDC (Groh et al. stimuli),accuracy reported; no SR advantage (numbers not extracted),"Expert group (police, super-recognizers); reuses R00008 stimuli"
R00310,include,Interviews in which participants identified authentic and fabricated videos; numbers not available,abstract only (https://api.openalex.org/works/doi:10.1002/asi.24867),video,not retrieved,not retrieved,numbers missing,Qualitative; Goh is coauthor of R00181/R00340 (Thaw et al.) - possible overlapping sample; Wiley PDF blocked
R00320,include,Unaware respondents received a deepfake voice message; later identified it,abstract only (https://api.openalex.org/works/doi:10.1109/biosig58226.2023.10346006),audio,31 (from R00398 description),YourTTS voice conversion,3.2% detected unaware; 83.9% identified deepfake after debrief,DUPLICATE/overlap: this sample is Exp 1 of R00398 (Malinka et al. 2024); single deepfake embedded among real messages
R00340,include,Participants classified real vs deepfake videos then interviewed; qualitative,https://link.springer.com/chapter/10.1007/978-3-030-78635-9_80,video,not retrieved,not retrieved,numbers missing,Likely DUPLICATE of R00181 (same first author/design); Goh coauthor (see R00310)
R00345,include,Feedback-based detection training vs control on real and deepfake media; accuracy reported,abstract only (https://papers.ssrn.com/sol3/papers.cfm?abstract_id=5002585),video,96 (48/48),not retrieved,training improved accuracy ~20 points; baseline numbers missing,Modality stated as video in s2 but not confirmed in abstract; training/feedback group
R00351,include,User study: real vs fake DFDCp videos with/without caricatures across exposure times,https://arxiv.org/pdf/2206.00535,video,not stated in excerpt (N=41 per R00384),DFDC preview; Deepfake Caricatures,caricatures +14 to +43 points accuracy vs standard deepfakes,DUPLICATE of R00384 (same user study); 200 real + 200 fake; exposure 300ms-5s
R00353,exclude,E4: perceived credibility of deepfakes; no real-vs-fake judgment,abstract only (https://api.openalex.org/works/doi:10.1177/14614448231199664),video,518,,,Credibility cues experiment; closed access
R00354,exclude,E4: credibility ratings of real vs fake audio/video before reveal; no real-vs-fake judgment,https://journals.sagepub.com/doi/10.1177/19401612241233539,audiovisual,951,murf.ai TTS + video editing,fake and real rated equally credible,Credibility only; borderline
R00380,not_retrieved,Dataset paper mentions human surveys but task and numbers could not be verified,abstract only (https://api.openalex.org/works/doi:10.1145/3711896.3737399),video,not retrieved,open-source face swap/lip-sync tools,numbers missing,ACM PDF blocked; also images (out of scope)
R00384,include,Participants detected deepfakes with vs without motion magnification,abstract only (https://api.openalex.org/works/doi:10.1167/jov.22.14.4079),video,41,DFDC; Deepfake Caricatures,deepfakes detected 71% with caricature vs 42% without,DUPLICATE of R00351 (VSS abstract of same study); fake detection only reported
R00387,include,"Human detection of AI-generated audio, video, audiovisual (and images) near chance",https://arxiv.org/abs/2403.16760,audiovisual,"1,276",not retrieved,accuracy near chance (~50%),DUPLICATE of R00127 (published CACM version); preregistered; images out of scope
R00388,include,"Discernment between real and deepfake political videos, credibility and detection",abstract only (https://api.openalex.org/works/doi:10.31219/osf.io/cdfh3),video,"5,750",deepfakes made with tech industry partners,up to 50% found deepfakes credible; detection accuracy numbers missing,Two experiments; also text/audio misinformation comparison; representative US sample
R00398,include,"Two experiments on Czech/Slovak deepfake speech recognition, accuracy reported",https://link.springer.com/article/10.1186/s13640-024-00641-4,audio,31 (Exp1) + 85 (Exp2),YourTTS (Coqui),"Exp1 3.2% unaware / 83.9% aware; Exp2 accuracy men 93.9%, women 77.2%",Exp1 is DUPLICATE of R00320 (Prudky BIOSIG 2023); Exp2 paired comparison; mostly technical students
R00403,include,"Listeners distinguished original vs cloned recordings in pairs, accuracy reported",https://www.mdpi.com/2079-9292/12/21/4458,audio,99 (Survey 1); 23 (Survey 2 quality),SV2TTS Real-Time Voice Cloning,accuracy ~62-64%,Paired 2AFC incl. 3 fake-fake pairs; survey 2 is quality rating (E4 part)
R00404,exclude,"E2: stimuli are synthetic (GAN) faces, image-only",abstract only (https://api.openalex.org/works/doi:10.23919/cisti58278.2023.10211622),,,GAN faces,,Repository PDF access denied; decision from abstract
R00412,include,Participants judged authenticity of politicians' real and lip-synced deepfake video clips,abstract only (https://api.openalex.org/works/doi:10.31234/osf.io/hwujb),video,163,lip-sync deepfakes (tool not retrieved),numbers missing (recognition accuracy reported in paper),Half fabricated; device type effect; PsyArXiv PDF not accessible
R00419,include,"Real vs fake audiovisual deepfake video judgments, accuracy reported",https://arxiv.org/html/2405.04097v2,audiovisual,"110 (MTurk; 55 native, 55 non-native English)","FakeAVCeleb: SV2TTS, Wav2Lip, FaceSwap, FSGAN",accuracy 65.6%,TechRxiv and arXiv 2405.04097 are same study; forewarning in half the participants; 20 real + 20 fake
R00422,include,"Online crowd judged real vs DFDC deepfake videos (2AFC and single-video), compared with model",https://perception.jhu.edu/files/PDFs/22_Deepfakes/GrohEtAl_DeepfakeDetection_2022_PNAS.pdf (arXiv 2105.06496 = preprint of PNAS 2022),video,"15016 (E1 5524, 882 analysed; E2 9492 incl. 304 Prolific)",DFDC face-swap deepfakes,2AFC: 82% of participants beat model (65%); single-video accuracy 66% recruited / 69% nonrecruited,"Preprint of Groh et al. 2022 PNAS; DUPLICATE of R00424 (same study, VSS abstract). Two experiments; E2 data Nov 2020-Jan 2021; anger induction and face inversion/misalignment/occlusion manipulations"
R00424,include,"VSS abstract of the same Groh deepfake video detection study (real vs fake videos, 2AFC and confidence)",https://api.openalex.org/works/W3196675890 (abstract only),video,7241,DFDC deepfakes (face swap),numbers missing (abstract: humans outperformed model in 2AFC),DUPLICATE of R00422 (Groh et al. PNAS 2022); conference abstract; use R00422/PNAS for data
R00427,include,Participants viewed human and Synthesia deepfake persona videos and were asked whether the person was a deepfake,https://repositorio.iscte-iul.pt/bitstream/10071/30733/1/article_98882.pdf,audiovisual,46 (92 sessions),Synthesia,% judged deepfake per condition asked (exact numbers to extract); glitches perceived in 47.8% of deepfake vs 26.1% of human sessions,Within-subjects: each participant saw one deepfake and one human persona; design/UX task context
R00432,include,Crowd subjects judged 60 real and 60 deepfake videos as real or fake,https://link.springer.com/content/pdf/10.1007/978-3-030-87664-7_5.pdf,video,60 (~18.7 valid answers per video),Facebook/DFDC preview deepfakes (face swap),AUC 87.47%; originals 82.2% correct; very difficult deepfakes 24.5% correct,"Idiap staff/students. Likely DUPLICATE of Korshunov & Marcel 2020 'Deepfake detection: humans vs. machines' / ICASSP 2021 subjective evaluation (same 120 videos, same N)"
R00439,exclude,"E2 - static grayscale face images (FaceMix), not video/audio",https://www.mdpi.com/2076-3425/13/9/1233,,23,FaceMix,accuracy ~76% (images),EEG study; image stimuli
R00441,include,Large-scale online study: listeners labelled real vs deepfake audio from three datasets,https://cise.ufl.edu/~butler/pubs/ccs24-warren-deepfake.pdf,audio,"1212 (ASVspoof2021 510, WaveFake 432, FakeAVCeleb 270)",ASVspoof2021 TTS/VC systems; WaveFake (6 vocoders); FakeAVCeleb SV2TTS,"accuracy 73% overall (WaveFake 65%, ASVspoof 71%, FakeAVCeleb 81%)",Prolific; no feedback; three dataset groups (between-subjects)
R00443,include,71 participants classified authentic and in-house deepfake videos,https://iacis.org/iis/2024/2_iis_2024_96-112.pdf,video,71,DeepFace-type in-house deepfakes,real videos >80% correct; fake ~50-60% (one at 29%),University students (two Midwestern universities); authors AlSobeh et al.; per-video results only
R00446,include,Listeners judged 10 real and 11 TTS deepfake clips of a professor's voice,https://arxiv.org/pdf/2108.01469,audio,"102 (4 groups: 19, 14, 17, 52)",Tacotron 2 + WaveGlow (German),"accuracy 37% overall (groups 55%, 63%, 27%, 27%)",German; groups vary in familiarity with the speaker; OpenAlex has preprint and chapter versions (same study)
R00472,include,154 adults classified four videos as original or deepfake,https://digitalcommons.kennesaw.edu/cgi/viewcontent.cgi?article=1126&context=jcerp,video,154,DeepFaceLab,66.23% misclassified at least one of 4 videos; per-video accuracy 43.9-95.3% by familiarity,University community (students/staff/faculty); familiarity manipulation
R00496,include,Preregistered: participants classified real vs AI-cloned voices (and faces),https://www.nature.com/articles/s41598-026-59364-3,audio,172 (200 recruited),ElevenLabs Instant Voice Cloning (voices; real from VCTK via Lavan et al.); Adobe Firefly faces,"voice accuracy 53.95% (d'=0.20); faces 65.48% (d'=0.85, image part not eligible)","Prolific, data 2025; practice feedback only. Voice stimuli from Lavan et al. set - check overlap with Lavan et al. study"
R00497,exclude,"E4 - credibility ratings of AI vs human doctor content, participants told which was AI; no real-vs-fake judgment (AI stimuli were images)",https://www.frontiersin.org/journals/public-health/articles/10.3389/fpubh.2025.1559378/full,,~300,AI-generated doctor images,none,
R00500,include,EEG participants judged authenticity of cross-cultural deepfake and real videos,https://api.openalex.org/works/W4387446847 (abstract only; ACM PDF 403),audiovisual,10,not stated in abstract,numbers missing (abstract: better detection for familiar language/ethnicity),Small EEG study; ICMI companion
R00501,include,Blind/low-vision participants classified real vs synthetic speech,https://api.openalex.org/works/W4405181820 (abstract; ACM PDF 403),audio,16,not stated in abstract,"accuracy 59% (low-vision 61%, blind 55%)",Special population (blind/low-vision); same group as Sharevski works
R00508,include,Human vs ML detection of deepfake videos compared,https://api.openalex.org/works/W4403433180 (abstract only; Wiley 403),video,not reported in abstract,not stated,numbers missing (abstract: humans outperformed ML models),ASIS&T short paper; Goh group (NTU) - possible sample overlap with R00948 / other Goh studies
R00545,include,192 participants classified genuine and deepfake videos with/without channel distortions,https://api.openalex.org/works/W4293523209 (abstract only; IEEE closed),video,192,not stated in abstract,numbers missing (abstract: DNNs outperform humans; noise hurts humans),Multiple distortion conditions
R00587,include,Listeners judged partial-fake speech (TTS/VC segments inserted) in audio and video,https://www.mdpi.com/2624-800X/5/1/6,audio,148,"Tortoise TTS, FreeVC",detection 16% (unknown voices) / 17.5% (known voices); video study 11-31%,Partial fakes (generative segments spliced into real speech); possibly FAKE-ONLY (check whether fully real clips included); two user studies with same 148 participants
R00601,include,247 participants rated video clips as real or deepfake; detection skill linked to cognitive flexibility,https://api.openalex.org/works/W4320922930 (abstract; OSF PDF blocked by robots),video,247,not stated in abstract,numbers missing in retrieved text (detection performance and metacognitive accuracy reported),PsyArXiv preprint; check for published journal version
R00606,include,"User study: 80 participants classified real, full deepfake and FakeParts videos",https://arxiv.org/html/2508.21052,video,80 (~1600 annotations),"Sora, Veo2, Allegro AI + partial-manipulation methods","accuracy 75.3% overall (real 24.2%?, full deepfakes 76.6%, FakeParts 70%)",Reported real-video accuracy 24.2% looks odd - verify at extraction; data late 2024-early 2025; mainly a dataset paper
R00607,include,Experts and novices discriminated 6 real vs 5 deepfake videos,https://research.tees.ac.uk/en/publications/decoding-deception-understanding-human-discrimination-ability-in-/ (abstract),video,not reported in abstract,not stated,accuracy >70% novices; FIC practitioners comparable/lower,EXPERT GROUP: facial image comparison practitioners vs novices
R00617,include,Seven preregistered studies with genuine vs deepfaked videos; detection of deepfakes assessed alongside attitude effects,https://www.osti.gov/biblio/1780812 (abstract only),video,2558 (7 studies),not stated in abstract,numbers missing (abstract: people find it hard to detect deepfakes),Borderline: main outcome attitudes; detection measure/numbers need verification at extraction; multiple studies
R00622,exclude,E4 - humanlikeness Likert ratings and same/different speaker judgments; no real-vs-AI classification,https://www.sciencedirect.com/science/article/pii/S2949882126000125,audio,48 + 80,Huawei Celia voice cloning,humanlikeness ratings only,Published version in CHB: Artificial Humans 2026
R00641,exclude,E3 - no new human data; human results reused from Hashmi et al. 2024 'Unmasking Illusions' (FakeAVCeleb 40 videos),https://arxiv.org/html/2411.09266v1,audiovisual,,FakeAVCeleb,human accuracy 65.64% (from Hashmi et al. 2024),DUPLICATE data of Hashmi et al. 2024 (arXiv 2405.04097); ensure that primary study is screened
R00646,include,Prolific participants judged DFDC real vs deepfake videos under browsing conditions and alert designs,https://par.nsf.gov/servlets/purl/10524815,video,1211 (Study 1: 913; Study 2: 298),DFDC deepfakes (plus caricature-amplified versions),"baseline hit 73.3%, FA 28.1% (d' ~1.29); other conditions reported","Multiple conditions (low prevalence, brief, divided attention, noisy); AI alert/caricature conditions are aided"
R00697,include,Participants watched 5 videos (1 deepfake in treatment) and were asked to spot the anomaly/deepfake,https://royalsociety.org/-/media/policy/projects/online-information-environment/do-content-warnings-help-people-spot-a-deepfake.pdf,video,"1093 (Exp1 ~720, Exp2 ~719; UK Lucid)",Tom Cruise deepfake by Chris Ume,deepfake identified 10.7% no warning vs 21.6% warning; 32.9% vs 34.1% reported anomaly,"Possible DUPLICATE of Lewis, Vu, Duch & Chowdhury 2023 Royal Society Open Science (published version); control group saw only real videos"
R00708,include,Study 2: humans rated veracity of real and deepfake videos (Study 1 used images),https://link.springer.com/article/10.1186/s41235-025-00700-y,video,"Study 1: 2203 (images, not eligible); Study 2 N not retrieved",Study 1 StyleGAN2 (images); Study 2 video source not retrieved,numbers missing for videos in retrieved text (humans outperformed machines on video),Only Study 2 eligible; undergraduate sample; OpenAlex lists preprint versions (same study)
R00716,exclude,"E3 - conceptual/methodological framework, no empirical data",https://www.preprints.org/manuscript/202402.0135,,,,none,Also appears as JAAI 2024 article
R00744,include,FakeET: 40 participants labelled real/fake for Google DFD videos while eye-tracked,https://arxiv.org/pdf/2006.06961,video,40,Google/Jigsaw DeepFake Detection dataset (face swap),numbers missing in retrieved text (real/fake labels collected; computable),"University students; 811 videos (331 real, 480 fake)"
R00748,exclude,"E4 - continued-influence study with deepfakes flagged as fake; no detection judgment, no real videos",https://www.researchsquare.com/article/rs-6471307/v1,,,,none,
R00749,not_retrieved,EEG study of deepfake video perception; could not confirm whether an explicit behavioral real/fake judgment with numbers was collected,https://graphics.tu-bs.de/publications/tauscher2021eeg-based (abstract only; IEEE blocked),video,,,unclear,Check full text: familiarity manipulation; may be neural-only
R00753,include,Listeners discriminated human vs AI speech before/after short training (EEG),https://www.eneuro.org/content/13/3/ENEURO.0300-25.2026,audio,30,GPT-SoVITS (fine-tuned and non-fine-tuned),d'=0.27-0.51 pre-training; 0.34-0.76 post,Mandarin speakers; training with labels (feedback) between blocks
R00756,not_retrieved,RCT of AI-cloned vs recorded lecture voice; could not access whether students judged real vs cloned,abstract not accessible (JMIR/PMC/PubMed blocked or empty),audio,,voice cloning (tool not retrieved),unclear,Likely primary outcomes are learning/satisfaction; check for a 'guess the voice' question
R00773,include,Progressive-metal fans rated human- and AI-composed excerpts incl. humanness (felt human-composed) scale,https://www.themoonlight.io/en/review/between-the-ai-and-me-analysing-listeners-perspectives-on-ai-and-human-composed-progressive-metal-music (summary; arXiv rate-limited),music,32,"ProgGP (symbolic Transformer-XL, rendered via Guitar Pro 7)",humanness Likert ratings (no accuracy); numbers missing,"Borderline: realness rating rather than binary; symbolic generation, both human and AI pieces rendered identically; listeners were fans (semi-expert)"
R00810,exclude,E2 - FaceForensics++ user study showed single still images (frames) for real/fake judgment; mainly algorithm paper,not fetched (decision from known paper content; OpenAlex rate-limited),,204 (MTurk),"DeepFakes, Face2Face, FaceSwap, NeuralTextures",image-based accuracy,Could be revisited if the reviewer considers frames from video eligible
R00814,exclude,E2 - still face images (Nightingale & Farid 2022 set) with AI advice,https://arxiv.org/html/2508.01906v1,,390,StyleGAN2 images,compliance/reliance metrics,arXiv preprint and ACM PACMHCI version are same study
R00831,not_retrieved,Full text and abstract not accessible (T&F 403); title suggests a video deepfake detection task with young adults vs seniors,abstract not accessible,video,,,unclear,Goh/NTU group likely - possible overlap with R00948/R00508
R00848,include,21 participants judged 56 real and 56 deepfake videos (with/without beautification filters),https://www.eurecom.fr/publication/7648/download/sec-publi-7648.pdf,video,21,Celeb-DF-B (Celeb-DF deepfakes with beauty filters),accuracy 69% non-beautified vs 66% beautified,Mostly an algorithm paper with a small subjective test
R00907,exclude,E4 - self-reported self-efficacy survey; no stimuli judged,https://f1000research.com/articles/11-1529,,,,none,
R00919,exclude,"E2 - 12 static portrait images (6 AI, 6 real)",https://www.sciencedirect.com/science/article/pii/S0360131525002982,,68,,accuracy for images,Eye-tracking; training vs control groups
R00948,include,Participants watched real and deepfake videos and explained verification strategies (interviews),https://link.springer.com/chapter/10.1007/978-3-031-19682-9_4 (abstract),video,not reported in abstract,not stated,only half of participants correctly identified all videos; numbers missing,Qualitative interview study; Goh group - possible overlap with R00508/R00831
R00958,include,User study: 318 listeners judged real vs deepfake voices in English and Chinese,https://www.usenix.org/system/files/usenixsecurity25-yan-ziwei.pdf,audio,"318 (204 English, 114 Chinese)","34 methods: 19 commercial tools + 15 open-source (29 TTS, 5 VC)","accuracy 56.69% English, 77.94% Chinese",Mostly benchmark paper; young participants (mean age 22.4); arXiv and USENIX Security 2025 versions same study
R00966,exclude,"E2 - moderation of LinkedIn profiles (profile photos/text), not audio/video",https://experts.illinois.edu/en/publications/its-trying-too-hard-to-look-real-deepfake-moderation-mistakes-and/,,695,,,
R00983,not_retrieved,3-page CPR proceedings item; no abstract or full text accessible,https://api.crossref.org/works/10.1145/3716489.3728447 (metadata only),,,,unclear,Likely a short proposal/extended abstract; possibly E3
R01000,include,54 Spanish and Japanese listeners judged 80 real vs deepfake speech clips,https://awesomepapers.io/speech-audio/papers/2512.09221 (arXiv 2512.09221 summary),audio,"54 (28 Spanish, 26 Japanese)",not retrieved (Yamagishi group TTS/VC),accuracy 59.11%,"SSRN preprint, arXiv 2512.09221 and Speech Communication 2026 are the SAME study"
R01025,not_retrieved,Could not access abstract/full text; unclear whether listeners judged real vs fake or only rated naturalness,abstract not accessible (IEEE),audio,,,unclear,Possibly naturalness-only (E4); check full text
R01041,include,Super-recognizers vs controls judge real vs deepfake videos (2AFC and single-stimulus),https://api.openalex.org/works/W4311552690 (VSS abstract; doi 10.1167/jov.22.14.3993),video,"28 super-recognizers (vs 15,016 controls from prior sample)",DFDC deepfake videos (Detect Fakes paradigm),SRs outperform controls by 5-10 pp; exact accuracy not in abstract,"Conference abstract; expert/special group (super-recognizers); control data reuse the Groh et al. 2022 PNAS Detect Fakes sample - possible overlap with that study; 2 experiments (2AFC, single)"
R01069,include,Human listeners vs neural network detecting cloned voices,"abstract only (OpenAlex W4400286687 JASA abstract; W4404740584 POMA 54:055005 paper, PDF 403)",audio,,voice cloning (tools not named in abstract),numbers missing,JASA meeting abstract + POMA companion paper (10.1121/2.0001978) are the same study; same Gdansk group (Czyzewski) as R01520 Warzych - check for overlapping listening data
R01077,include,Survey participants classify 4 videos (deepfakes and originals) as real or deepfake,https://digitalcommons.kennesaw.edu/cgi/viewcontent.cgi?article=1142&context=ccerp (abstract via OpenAlex),video,,deepfake videos (tool not named),66.23% of participants failed to classify correctly (accuracy computable),Stage-2 flagged likely same study as R00472 (possible duplicate publication)
R01098,include,FakeET: 40 viewers labeled DFDC real/fake videos in 2AFC while eye-tracked/EEG,https://arxiv.org/pdf/2006.06961,video,40,"Google/Jigsaw Deepfake Detection dataset (811 videos: 331 real, 480 fake)","numbers missing (2AFC labels recorded, human accuracy not reported)",Stage-2 flagged likely same study as R00744 (possible duplicate); database released so labels may be computable
R01111,exclude,"E4: EEG/ERP study; participants naive to deepfakes, rated persuasiveness/trust/sharing, no real-vs-fake judgment; fake-only stimuli",https://www.sciencedirect.com/science/article/pii/S1053811926000455,audio,61,TTS neural voice deepfakes (custom),none,
R01115,exclude,"E5: VideoSham manipulations made mainly by human editors in After Effects/Photoshop (entity add/remove, background, text, frame drop, audio replacement), not generative deepfakes",https://arxiv.org/pdf/2207.13064,video,1200 (MTurk responses),Adobe After Effects/Photoshop edits; some DL inpainting,manipulated detected ~35%; real correctly judged 57%,Borderline: a few attacks used DL inpainting tools; mostly cheap-fake editing
R01172,include,Participants judged authenticity of high/low-quality political deepfakes (and real control videos); detection accuracy reported,abstract only (OpenAlex W4410497901; OSF PDF not renderable),audiovisual,"1124 (UK 480, Slovenia 321, Italy 323)",custom deepfakes via EU project platform (face/voice),detection accuracy (values not extracted),"Same sample (N=1,124) as R01432 (Plohl, attitudinal outcomes) - duplicate sample; confirm whether real videos were in detection task (possibly fake-only)"
R01183,include,Preregistered 2x2 experiment: participants rated authenticity of 12 political videos (deepfakes and authentic),abstract only (OpenAlex W4416559465; OSF page not renderable),audiovisual,229,political deepfakes (tool not named in abstract),detection accuracy (values not extracted),Infographic training condition vs control; cognitive-load manipulation; same Plohl group as R01172/R01432 but different sample
R01186,include,Two studies: participants judged DFDC videos as deepfake or authentic,https://researchonline.jcu.edu.au/90271/1/90271.pdf,video,391 (Study 1 online) + 32 (Study 2 lab eye-tracking),DFDC dataset,"accuracy 61% (Study 1), 65% (Study 2)",2 studies; Study 1 has strategy-guidance training arm; Study 2 practice feedback; data 2023-2024; JCU group (Somoray/Holmes) but different sample from R01856
R01216,include,"Familiar and unfamiliar listeners discriminated recorded vs cloned voices (self, friend, stranger)",https://www.sciencedirect.com/science/article/pii/S2949882125000271,audio,94 (47 familiar + 47 unfamiliar),ElevenLabs Instant Voice Cloning,"d'=2.13 (self), 1.91 (friend), -0.14 (unfamiliar)",Multiple listener groups/conditions; data ~2023-2024
R01222,exclude,"E3: framework/position paper; 'Turing test' human evaluation undescribed (no N, modality, task or real stimuli)",https://www.ijcttjournal.org/2025/Volume-73/Issue-6/IJCTT-V73I6P112.pdf,,,"Stable Diffusion, Imagen, hybrid transformer-diffusion (DeepTrap2024)",">92% deceived (fake-only, unverifiable)",Questionable reporting quality
R01228,include,Listeners rated human vs synthetic (5-pt certainty scale) for human talkers and their clones,https://pmc.ncbi.nlm.nih.gov/articles/PMC12686364/,audio,17 (human-likeness task); 10 (similarity task),ElevenLabs Instant Voice Cloning,mean human-vs-synthetic rating 2.61 (human) vs 2.77 (clone) on 5-pt scale; near-chance,Primary aim is intelligibility; realness rated on confidence scale (AUC computable from data); young adults with typical hearing
R01243,include,Swiss panel judged 3 deepfake and 3 real videos before/after literacy intervention,https://journals.sagepub.com/doi/full/10.1177/10776990251373088,video,1361,existing public deepfakes (tools not named),ratings showed minimal real/fake discrimination (values not extracted),Sample aged 16+ (may include some minors); intervention (training) arm; data Sept 2023
R01287,include,Prolific evaluators classified original vs deepfake audio call samples,https://arxiv.org/pdf/2402.18085,audio,63,FreeVC voice cloning,accuracy 72.6%; AUROC 87.7%,Also human+AI-assisted condition (84.5%); data year not stated
R01288,include,Blind and sighted participants judged real vs spoofed audio across two studies,abstract only (OpenAlex W4396833689; ACM PDF 403),audio,,TTS and deepfake/voice-conversion audio (datasets not named in abstract),accuracy comparable between groups (values not extracted),2 studies; blind vs sighted groups; UMBC group (Janeja) - related to R01494 (different participants)
R01313,include,"Gen Z participants viewed 2 real and 2 deepfake videos and identified them, describing strategies",abstract only (OpenAlex W4415303535),audiovisual,,deepfake videos (tool not named),numbers missing,"Participants under 21 - may include minors, check age; NTU group (Goh) - related design to R01388"
R01329,exclude,E1: ML classifiers on EEG signals discriminate real vs deepfake videos; no behavioral human judgment reported,abstract only (OpenAlex W4405490736),video,10,deepfake videos (dataset not named),EEG classifier accuracy 94-98% (not human judgment),
R01363,exclude,"E4: participants rated credibility of a single deepfake video/post; no real-vs-fake judgment, no real videos",https://arabmediasociety.com/the-effect-of-media-literacy-on-misinformation-and-deep-fake-video-detection/,video,204,Zuckerberg deepfake from YouTube,credibility ratings only,Fake-only
R01381,include,Online survey measuring discernment of deepfake vs real videos by cognitive disposition and visual literacy,abstract only (OpenAlex W4409802241),video,516,deepfake videos (tool not named),deepfake discernment scores (values not extracted),Full text paywalled
R01388,include,Seniors shown authentic and synthetic videos and interviewed on identification,https://link.springer.com/chapter/10.1007/978-3-031-61947-2_26 (abstract),audiovisual,,deepfake videos (tool not named),numbers missing,Mainly qualitative; seniors; NTU group - possibly extended as Huang et al. 2026 J Inf Sci 'Through the eyes of seniors' (possible duplicate)
R01432,exclude,E4: attitudinal effects of political deepfakes; participants did not judge authenticity,https://www.sciencedirect.com/science/article/pii/S2451958826002538,audiovisual,1124,custom deepfakes via EU project platform,none,"Same sample as R01172 (Plohl, N=1,124)"
R01433,include,Subjective evaluation: viewers judged whether audiovisual clips were real or fake,abstract only (IEEE/ResearchGate inaccessible),audiovisual,,face-swap/deepfake and other fake videos (Fake Face in the Wild-type content),numbers missing (not verified),Full text not accessible; verify N and accuracy
R01442,include,"Spanish listeners classified 80 voice samples (40 real, 40 ElevenLabs clones) in Spanish and Japanese",https://dael.euracoustics.org/confs/landing_pages/fa2025/000673.html,audio,,ElevenLabs voice cloning,numbers missing (in landing-page abstract),Same stimulus corpus/group as R01873 (Otero-Gonzalez; 54 listeners) - probable overlap; journal version possibly Speech Communication 2026 'Human perception of audio deepfakes: the role of language and speaking style'
R01456,exclude,"E4: all videos carried authenticity labels; later task is recall of which statements were real vs deepfake (label memory), not detection",https://arxiv.org/abs/2404.17581,video,204,Biden deepfake videos (tool not named),"recall accuracy 93.8% deepfake, 84.2% real",Borderline - second reviewer should confirm no unlabeled detection condition (full text rate-limited)
R01486,exclude,E4: questionnaire on trust in deepfake video credibility; no stimulus real-vs-fake judgment,abstract only (OpenAlex W4405845570),video,414,,none,
R01494,include,Two sociolinguistic experts labeled real vs spoofed audio via linguistic features,https://par.nsf.gov/servlets/purl/10502121,audio,2 (expert co-authors),"MelGAN, WaveNet, Descript TTS, voice conversion (+ replay and mimicry)",expert accuracy 0.75 on unseen data,"Expert group; N=2 authors; stimuli include non-generative replay (25%) and mimicry (15%); UMBC group, related to R01288"
R01501,include,Participants identified the deepfake audio in sets of three files (odd-one-out),https://rda.sliit.lk/entities/publication/673fa0af-b9d5-4841-a88b-cf5d785bf686 (abstract),audio,,deepfake voice generation software (not named),~1/3 deepfakes detected; ~1/3 real flagged as fake,Includes audio/forensic professionals (expert subgroup); 3AFC design
R01520,include,"Listeners classified human vs ElevenLabs-cloned speech over GSM, VoLTE, VoIP channels",https://www.mdpi.com/2624-599X/8/2/41,audio,95,ElevenLabs few-shot voice cloning,"accuracy 54.8% overall; d'=0.88 GSM, 0.60 VoIP, -0.20 VoLTE",Prolific group + expert group (audio engineering students); Gdansk group as R01069 - check overlap
R01524,exclude,E2: still face images (StyleGAN2 vs FFHQ photos),https://link.springer.com/chapter/10.1007/978-3-031-19682-9_83 (abstract),,,StyleGAN2,,
R01528,include,Gen Z users' deepfake/voice-clone detection accuracy measured before and after interactive prototype,abstract only (OpenAlex W7162142372),audiovisual,40,deepfake video and voice cloning (tools not named),36% increase in detection accuracy (baseline accuracy not in abstract),Pre/post training design; numbers largely missing
R01556,exclude,"E3: Zenodo stimulus dataset only (voice clones), no study data; study reported in CHIIR'26 paper 'Does Cognitive Load Affect Human Accuracy in Detecting Voice-Based Deepfakes?' (arXiv 2601.10383)",https://zenodo.org/records/18254602,audio,,voice clones,none,Screen the CHIIR'26 paper separately if not already in pool
R01567,include,"87 participants binary-classified 36 videos (18 real, 18 AI)",https://dl.designresearchsociety.org/iasdr/iasdr2025/pictorials/18/,video,87,"Google Veo 3, Lightricks LTX Video, Wan VACE (via ComfyUI)","accuracy 60% (real 64%, I2V 79%, outpainting 49%, T2V 43%)",
R01632,include,Online listeners discriminated cloned vs original human voices,abstract only (OpenAlex W4413408111; OSF preprint),audio,80,voice cloning (tool not named in abstract),~70% discrimination accuracy,Main focus intelligibility in noise
R01655,exclude,"E4: listener task is speaker detection (same/different speaker) re-analysing ASVspoof 2019 subjective data, not a real-vs-fake judgment",https://www.isca-archive.org/interspeech_2024/kinnunen24_interspeech.html,audio,,ASVspoof 2019 LA systems,speaker-detection EER/DET (not realness),Borderline: confirm ASVspoof 2019 listening test did not include a bona fide vs spoof question
R01669,include,"22 participants classified 16 vishing clips (8 AI, 8 human) as human or AI",https://arxiv.org/abs/2602.20061,audio,22,TTS/voice cloning (not named in abstract),accuracy 37.5%; 75% of AI clips judged human,Paper withdrawn by authors on arXiv
R01685,include,"Participants rated each of real, synthetic and deepfake videos on a synthetic-vs-real confidence slider",https://journals.sagepub.com/doi/full/10.1177/20563051251401815,video,298,Qianhe face-swap tool,"realness-slider detection means: real 59.8, synthetic 43.4, deepfake 47.3 (0-100)","China, data May-June 2024"
R01687,exclude,"E3: dataset described as emulating an experiment following 'realistic distributions' (simulated data), not empirical primary data",https://api.openalex.org/works/W7164423267 (IEEE DataPort abstract),audiovisual,1248 (simulated),,none,Appears to be synthetic/simulated dataset
R01695,include,Younger and older adults discriminated human vs AI (WaveNet) speech,https://link.springer.com/article/10.1007/s10772-023-10027-y (abstract),audio,,Google WaveNet TTS,discrimination reported (values not extracted); older adults less able,Multiple experiments; younger and older adult groups; data on OSF (osf.io/4jufv)
R01733,include,40 adults judged real vs AI videos while eye-tracked,https://arxiv.org/html/2602.03374,video,40,Google Veo 3.1,"accuracy 66.4% (physics 70.8%, professional 62.0%)","Same study as R01838 (Shi et al., Cambridge version) - duplicate"
R01809,include,105 computer engineering students classified AI-generated vs human-made videos,abstract only (OpenAlex W7140130377; Zenodo),video,105,AI video generators (not named),accuracy ~65% (3.27/5),Student sample (tech-literate)
R01825,include,"Participants judged authenticity of text, image and video materials; video subset eligible",https://openaccess-api.cms-conferences.org/articles/download/978-1-964867-81-6_17,video,57,not reported,video accuracy 0.74,Mixed-media study; only video condition eligible; generator unknown
R01838,include,40 participants' gaze while judging authenticity of real and AI-generated videos,abstract only (OpenAlex W7167248896; Cambridge repository),video,40,Google Veo 3.1 (per arXiv version),accuracy 66.4% (per arXiv version R01733),"Duplicate of R01733 (same authors, same N=40)"
R01856,include,Preprint of Somoray & Miller experiment: participants categorized 10 real and 10 deepfake videos,abstract only (SSRN inaccessible; published version abstract https://researchonline.jcu.edu.au/79985/),video,454,deepfake videos (dataset not named),accuracy 60.7%,Likely preprint of Somoray & Miller 2023 CHB 'Providing detection strategies...' (duplicate); strategy-training arm
R01873,include,54 native Spanish/Japanese listeners classified 40 natural vs 40 ElevenLabs samples; compared with ResNet18,abstract only (OpenAlex W7169557935; Trier repository),audio,"54 (28 Spanish, 26 Japanese)",ElevenLabs TTS/voice cloning,human accuracy/calibration (values not extracted),Same corpus and group as R01442 (Lopez-Jareno) - overlapping participants likely
R01880,include,Think-aloud task: social media users identify AI-generated vs authentic videos,abstract only,video,8,,numbers missing,Qualitative bachelor thesis (Uppsala DiVA); think-aloud classification of authentic and AI videos; correct/incorrect counts may be computable from full text (DiVA blocked)
R01896,exclude,"E4: RCT of AI voice-cloned vs recorded lecture audio; outcomes are learning, satisfaction; no real-vs-AI judgment",abstract only,audio,88 randomized (64 mITT),commercial AI TTS voice cloning,,
R01898,include,Credamo participants judged deepfake videos with/without mouth-movement manipulation,https://aisel.aisnet.org/context/whiceb2026/article/1107/viewcontent/121.pdf,video,193,not named,numbers missing,Only mean ranks (82.45 vs 112.01) reported for identification performance; unclear whether real videos were included (possibly fake-only); WHICEB 2026
R01899,include,Students rated authenticity of three political deepfake videos,abstract only,video,,not named (3 custom political deepfakes),numbers missing,Likely fake-only (3 deepfakes); IEEE TCSS full text not accessible
R01905,not_retrieved,"Conference abstract, no accessible text; modality and task unknown",https://doi.org/10.15444/gmc2025.10.10.04,,,,,Global Fashion Management Conference 2025; neural correlates (possibly EEG) of AI vs human content discrimination
R01910,include,"Reddit r/RealOrAI community judgments of real vs AI media, video subset reported separately",https://arxiv.org/html/2605.24287,video,"community (7,945 posts; 285 verified GUESS posts, 44 videos)",not named,"video F1 76.6% (precision 69.2%, recall 85.7%); overall community accuracy 72%","Naturalistic observational data, aggregate community predictions not individual participants; mixed media (photos, art, video, audio); Aug 2022-Apr 2026"
R01920,include,"Survey participants heard human, advanced machine (Duplex-like) and simple machine voices and judged human vs machine",abstract only,audio,405,Google Duplex / advanced synthetic voice,numbers missing,"2018 master's report (UT Austin Texas ScholarWorks, fetch blocked 403); abstract says users struggle to distinguish human vs advanced machine voices"
R01943,include,"Pilot: adults judged manipulated vs authentic text, photos and video",https://aisel.aisnet.org/cgi/viewcontent.cgi?article=1340&context=amcis2026,video,28,not named,numbers missing,"AMCIS 2026 pilot; multimodal (text/photo/video), reports response time and confidence, not accuracy; unclear whether video manipulations are generative deepfakes"
R01958,include,Prior experiment: real vs deepfake videos (visually rich and point-light) classified; new study preregistered,abstract only,video,89 (prior experiment),not named,accuracy 86% (emotional) vs 92% (neutral) visually rich; 53% vs 40% degraded,OSF preregistration reporting results of an earlier experiment; new replication with cognitive-load condition planned; the earlier experiment may be published separately
R01961,include,450 participants classified Paraguayan journalists' real vs ElevenLabs-cloned Spanish audio,https://www.mdpi.com/2076-3417/16/4/1910,audio,450,ElevenLabs Instant Voice Cloning (Multilingual v2),accuracy ~60%,"90 clips (45 real/45 fake), 10 per participant; data Jan 2024-Jan 2026; ages 16-72 (includes some minors); compared with Wav2Vec 2.0"
R01971,include,Participants classified real vs TorToise-cloned newsreader voices under cognitive load,https://arxiv.org/html/2601.10383,audio,30,TorToise TTS voice cloning,"accuracy 68% single-task, 66% dual-task, 75% video condition",Two experiments (Exp 2 audio with video stimulus); 12 real/12 fake clips; university volunteers
R01974,include,Music students did forced-choice AI vs human authorship on 30 excerpts,abstract only,music,107,"Suno, Udio, Mureka",accuracy 48.16%,"Group listening over loudspeakers, Sichuan Conservatory music students (expert-ish); builds on Longardner (2026) individual headphone study, same author, check for that separate record"
R01990,not_retrieved,Face-swap deepfake vs authentic videos with credibility ratings; unclear whether a real/fake judgment was made,abstract only,video,,face-swap (not named),,"Wiley full text blocked (403); rated perceived video credibility, which may not be a realness judgment (possible E4)"
R01996,include,"Human deepfake detection across still images, silent videos and videos with audio",abstract only,audiovisual,,not named,numbers missing,"Springer chapter; full text blocked; reports familiarity, social media use, age effects; image condition must be excluded from extraction"
R02003,include,492 university students classified five videos as real or fake,abstract only,video,492,not named,accuracy 57%,Tashkent University students; Zenodo
R02016,include,ArEnAV dataset paper with human evaluation of real vs fake audiovisual videos,https://arxiv.org/html/2505.22581,audiovisual,19,4 TTS models + 2 lip-sync models (ArEnAV pipeline),accuracy 60%,20 videos each; 15 native Arabic speakers
R02069,exclude,E2: human participants judged real vs deepfake images,abstract only,,150,GAN,,Title says deepfake but stimuli are images
R02087,include,Preregistered RT study where listeners judge human-composed vs AI-generated music excerpts,abstract only,music,,not named,numbers missing,OSF preregistration; data collection ongoing; 2 experiments (Exp 2 cover-band framing)
R02093,not_retrieved,EEG hyperscanning while pairs viewed authentic and AI (image-to-video) videos; unclear whether behavioral real/fake judgments were reported,abstract only,video,30 (15 pairs),image-to-video generators (not named),,"ACM DL blocked; reported 89.23% is EEG classifier accuracy, not human judgment"
R02109,not_retrieved,OSF supporting materials for a submitted IJHCI manuscript on human perception in deepfake detection; no results or stimulus details,abstract only,,,,,Follow up with the published manuscript; OpenAlex fetch rate-limited
R02112,include,"Prolific listeners marked synthetic segments in authentic, fully and partially synthetic utterances",https://arxiv.org/html/2605.28064,audio,47,"LJ JETS, YourTTS, XTTS v2, GPT-SoVITS, CosyVoice, ElevenLabs (LlamaPartialSpoof)","accuracy authentic 96.4%, fully synthetic 8.3%, partially synthetic 56.1%",Data Dec 2025; duplicate of R02400 (dataset record of same study)
R02113,exclude,"E2: stimuli are binary coin-flip sequences, not audio or video",abstract only,,,"GAN, MOM",,
R02117,exclude,"E2: EEG of one participant viewing deepfake facial images (FaceForensics++), used as classifier features",abstract only,,1,FaceForensics++,,Also primarily algorithmic (E1)
R02120,include,Five reviewers judged generated crisis videos as real or generated (RA-Bench HumanProof),https://arxiv.org/html/2608.14391,video,5,"9 generators incl. Seedance 2.0, Kling (4 open-source, 5 closed-source)","% judged generated: open-source 68.6%, closed-source 52.9%",Fake-only; small reviewer panel (likely researchers)
R02127,exclude,E2: human vs AI tools on AI-generated images (Israel-Hamas),abstract only,,,,,
R02143,include,Listeners discriminated human vs AI Mandarin speech before and after short labeled training,https://www.eneuro.org/content/13/3/ENEURO.0300-25.2026,audio,30,GPT-SoVITS v3 (fine-tuned and non-fine-tuned),"d'=0.27-0.51 pre-training, 0.34-0.76 post","Training with labeled exemplars; EEG; published in eNeuro 2026, record is 2025 version; check for duplicate eNeuro record"
R02170,include,Prolific participants rated 60 videos each from DF40 and CharadesDF as real vs fake,https://arxiv.org/html/2603.14658,video,200 (100 per dataset),DF40 deepfake methods; CharadesDF,accuracy 78.4% CharadesDF,Two studies/datasets; confidence Likert converted to probabilities
R02187,include,Master's report: participants detected deepfakes from FaceForensics++ videos,abstract only,video,,"FaceForensics++ (Deepfakes, FaceSwap, Face2Face, NeuralTextures)",numbers missing,"UT Austin repository blocked (403); FF++ includes graphics-based manipulations (FaceSwap/Face2Face), so check which were used for E5"
R02196,exclude,E1: AI-generated music tested only on AI detectors plus expert interview content analysis,abstract only,,,,,
R02232,exclude,E4: EEG while listening to human vs cloned voices with voice source task-irrelevant; no explicit real-vs-AI judgment,https://www.biorxiv.org/content/10.64898/2026.04.08.716483v1.full,audio,40,Huawei Celia voice cloning,,Behavioral task was only speaker-name recognition
R02234,include,"Online participants judged real and deepfake videos; accuracy related to self-efficacy, critical thinking, media literacy",abstract only,video,,"face swap, lip-sync, reenactment (from public sources)",numbers missing,"Possible overlapping sample with Chen & Goh CHI 2026 (arXiv 2602.01284: N=195, 10 real/10 fake, accuracy 76%) and R02617 (Goh)"
R02253,include,10 annotators judged real vs AI-generated ASMR videos (with audio),https://arxiv.org/html/2512.13281,audiovisual,10,"Veo3.1-fast, Wan2.2, Open-Sora v2, HunyuanVideo, others (9 VGMs)",accuracy 87.5% (F1 70.34),Annotators include video-generation researchers (expert) and non-experts
R02278,include,FakeSound paper: human evaluators judged real vs manipulated general audio,https://arxiv.org/html/2406.08052,audio,10,AudioLDM2 + AudioSR; AudioLDM1 (zero-shot),"accuracy 59% easy, 56% hard, 51% zero-shot",General audio (not speech); partial manipulations (regions regenerated); 3 test sets
R02315,not_retrieved,Fake News and deepfake 15-item test; modality and generative nature of items unclear,abstract only,,193,,,IEEE IEMCON 2021; two cross-sectional studies; full text not accessible
R02317,exclude,E2: digital-literacy interventions for discerning real vs fake images,abstract only,,,,,OSF preregistration
R02326,include,MTurk/Prolific participants judged silent real vs deepfake face videos,https://arxiv.org/html/2602.07986,video,271,"AniFaceDiff, TPSMM, FaceVid, HyperReenact, FaceFusion, FADM, SyncTalk, DreamTalk, Diffused Heads, VASA-1","AUC 93.1, d'=7.01 (as reported)","20 clips per participant, low/high resolution; high vs low GenAI experience groups"
R02400,include,Trial-level dataset of the R02112 synthetic speech localization study,abstract only,audio,47,LlamaPartialSpoof TTS systems,numbers missing,"Duplicate of R02112 (same study, N=47, 940 trials); use for trial-level data, not a separate study"
R02443,include,Prolific workers judged authentic vs manipulated audiovisual videos,https://arxiv.org/html/2605.04797,audiovisual,240 (120 per study),"AV-Deepfake1M, Trusted Media Challenge dataset generators","authentic recall 91.7%; manipulated recall 55.6% (TMC), 27.8% (AV-Deepfake1M)","Two matched studies; 96 videos, 960 judgments; majority-vote metrics; data Oct 2025"
R02485,include,Participants with and without ASD performed a deepfake video detection task,https://journals.sagepub.com/doi/10.1177/2327857924131020,video,"56 (30 ASD, 26 neurotypical)",not named,numbers missing,No significant group difference; companion MCI paper (10.1177/2327857924131023) by same authors may share control group or paradigm
R02502,exclude,E2: participants distinguished AI-generated vs human-authored texts,abstract only,,32,,,
R02532,include,Saudi undergraduates classified genuine vs AI images and videos; video accuracy reported separately,https://redfame.com/journal/index.php/smc/article/download/8611/7364,video,193,OpenAI Sora (videos); Adobe Firefly (images),"video accuracy 56.4%; overall 57.6%, d'=0.51","8 videos (3 real, 5 Sora); image items to be excluded"
R02591,exclude,E2: human vs DeepDect platform detection of deepfake face images,abstract only,,108,,,
R02595,exclude,"E1: automated detectors compared with a human baseline cited from FaceForensics++, no new human study",https://www.atlantis-press.com/article/126023898.pdf,,,,,
R02617,not_retrieved,Interview chapter on how Singapore participants identify real and deepfake videos; unclear whether a classification task with outcomes exists,abstract only,video,,,,"Routledge chapter; likely related to Goh et al. 2024 JASIST 'He looks very real' (10.1002/asi.24867), possible duplicate"
R02618,include,Adults judged 2 real + 2 deepfake videos each (real vs fake) with confidence and cue reports,https://arxiv.org/html/2602.01284,video,195,"deepfakes collected from public sources (YouTube); face swap, lip-sync, reenactment","accuracy 76% (real 79%, fake 72%)",CHI 2026 preprint; Singapore convenience/snowball sample aged 21-40; no training or feedback
R02626,include,"40 participants watched 2 real + 2 deepfake videos (Obama, Musk) and rated whether each was authentic, with FaceReader facial coding",https://iacis.org/iis/2024/1_iis_2024_159-174.pdf,video,40,deepfakes sourced from Twitter/YouTube; generator not named,numbers missing (confidence differences reported; real/fake judgment accuracy not clearly given),Only 4 stimuli; the main outcome is facial expression analysis; numbers missing
R02629,include,Listeners judged whether pop music was AI-composed or human-made,https://pdf.erytis.com/ah/ah.9035.pdf,music,33,SOUNDRAW,accuracy 57.6% (19/33 correct),"Questionnaire study (50 distributed, 33 valid); subgroup success rates by musical training; the design is weak, so check how accuracy was scored"
R02637,include,"120 participants classified 720 excerpts from 6 genres as human or AI-generated (Suno, Udio)",abstract only,music,120,Suno; Udio,numbers missing,Full text blocked (Anubis); abstract reports genre-level patterns only; prior AI-music experience improved detection
R02647,include,Laypeople and police officers classified real vs AI-generated images and videos,https://papers.ssrn.com/sol3/papers.cfm?abstract_id=6907292,video,"165 (101 laypeople, 64 police)",not named,"numbers missing (laypeople above chance, police at chance)","Expert group (police officers); mixed image+video, so extract the video subset; abstract only"
R02653,exclude,E2: abstract states participants distinguished authentic vs manipulated images (training intervention); no audio/video indicated,https://api.openalex.org/works/W4417002938 (abstract),,335,,,"IEEE page blocked; if full text shows video stimuli, reconsider; treatment/control groups"
R02689,include,"Participants from UK, Slovenia, Italy viewed political deepfake videos varying in plausibility; detection measured",https://www.nature.com/articles/s41599-026-09122-7,video,1124,not named,numbers missing (high-plausibility deepfakes detected less often),Likely fake-only (only manipulated videos mentioned); data collected Jan-Apr 2025; same UC1 project/data as R03485 (dataset) and R03192 (book chapter)
R02716,include,"Thesis: 89 participants judged 10 videos (5 real, 5 deepfake) as real or fake under time pressure",https://api.openalex.org/works/W7113693101 (abstract),video,89,not named,numbers missing,"Master's thesis (Turku), closed access; prior deepfake experience predicted accuracy"
R02728,include,Title/metadata indicate a study of human accuracy in identifying deepfake videos,abstract only,video,,,numbers missing,"SSRN abstract not retrievable (the page returned another paper); decided on title only, so verify design (real+fake) and N"
R02745,include,"1,768 participants judged genuine vs TTS/VC audio (35,532 judgments) in a web listening game",https://arxiv.org/html/2605.26136,audio,1768,138 TTS/voice conversion systems across 10 architecture families,"accuracy 68.7% (real correct 64.1%, fake correct 71.2%)","Immediate feedback after each trial; self-selected web sample; compares against a 2021 baseline (472 participants, 13 systems), which is likely the earlier Mueller et al. study, so check overlap/duplicate"
R02751,include,Close replication of Fooled Twice (real vs deepfake video classification),abstract only,video,,deepfake videos (as in Koebis et al. 2021),numbers missing,"No abstract available; replication of Koebis et al. 2021 (Fooled Twice), so do not double-count with the original; Koebis/Soraperra are co-authors"
R02793,include,80 participants of differing hearing ability judged authenticity of 30 audio/audiovisual clips,https://arxiv.org/abs/2609.28659,audiovisual,"80 (31 hearing, 15 HoH, 17 d/Deaf, 17 CI users)","TTS, voice conversion, lip-sync, face-swap (tools not named in abstract)",accuracy 88.0% hearing vs 76.4% DHH; AV 84-87%,Multiple groups; audio-only and audiovisual conditions; DHH false-positive rate 29.7% vs 11.2%; arXiv HTML rate-limited so generators not verified
R02819,include,Participants viewed real and puppetry-deepfake emotional face videos (EEG); explicit detection task after disclosure,https://www.sciencedirect.com/science/article/abs/pii/S0747563226000208,video,21,puppetry deepfakes (full identity replacement); tool not named in abstract,numbers missing (participants struggled in explicit detection),EEG study; the behavioral detection task is secondary; SSRN preprint 10.2139/ssrn.5251558 is the same study
R02858,include,Participants judged their own real voice vs an on-site TTS clone of it,https://www.research.ed.ac.uk/en/publications/18d0d728-b2ce-4f85-9a6a-98b825e83684,audio,,on-site voice-cloning TTS system (model not named),accuracy 87%,Own-voice paradigm (self-voice); N not given in abstract; ACM CUI 2026
R02882,exclude,E4: auditory-perceptual speaker comparison (same-speaker similarity) of real vs Qwen3-TTS clones by forensic analysts; no real-vs-fake detection task reported,https://api.openalex.org/works/W7169552556 (abstract),audio,,Qwen3-TTS,,Forensic expert context; DOI page failed (redirect loop); reconsider if full text has a real/fake judgment
R02883,exclude,"E2: young and older adults classified 120 faces (half diffusion-generated) as genuine or artificial; face images, not video",https://api.openalex.org/works/W7171695147 (abstract),,"72 (37 young, 35 older)",diffusion model,,Image stimuli
R02887,exclude,E3: OSF study registration (preregistration) on emotional deepfakes; no results reported,https://api.openalex.org/works/W7128394898 (metadata),,,,,Registration only; stimulus modality unclear; look for a later results paper
R02889,include,Preregistered inoculation experiment; participants classified 10 videos as real or deepfake,https://api.openalex.org/works/W7154100510 (abstract),video,297,not named,numbers missing (inoculation effect d=0.625 on accuracy),Intervention vs control groups; no response-bias change; PsyArXiv full text not fetchable (robots)
R02920,exclude,E4: 22 students viewed only Sora-generated videos and gave emotional/perceptual reactions; no real-vs-AI judgment task or rate judged real,https://annals-csis.org/Volume_45/drp/pdf/3464.pdf,video,22,Sora,,Fake-only with no detection measure
R02951,not_retrieved,Closed conference paper with no abstract; unclear whether a real-vs-fake judgment task or modality is involved,abstract only,,,,,"Springer page rate-limited; NTU group (Huang, Chun, Goh) has related deepfake-perception papers"
R02968,exclude,E1: EEG hyperscanning data decoded by Hyper-GST model (90.47% model accuracy); no behavioral human detection accuracy reported,https://api.openalex.org/works/W7155034630 (abstract),video,30 (15 pairs),AIGC deepfake videos,,Related to R02093; the 15 dyads watched real and deepfake videos
R03000,include,"78 listeners judged bona fide, spoofed and PhonemeFake speech samples (about 93 each)",https://arxiv.org/pdf/2506.22783,audio,78,PhonemeFake (LLM-guided segmental TTS edits); ITW and ASVspoof2021 samples,numbers missing (PhonemeFake reduced human detection accuracy by up to 42%),"Sample ages 6-55, so it includes minors and adult data may not be separable; the human study is secondary to the algorithm paper"
R03003,exclude,E2: study of AI-generated explanations for altered/synthetic imagery; image stimuli,https://api.openalex.org/works/W7115695117 (abstract),,,,,Also published at AIES (10.1609/aies.v8i1.36529)
R03016,include,"28 adults evaluated real and manipulated text, image and video items for deception (deepfake focus)",https://aisel.aisnet.org/cgi/viewcontent.cgi?article=1023&context=sais2026,video,28,not named,numbers missing (only response times/qualitative),Pilot; unclear whether the video manipulations are generative (deepfake) or not; mixed modalities; possible overlap with R03200 (same authors Liu and Ho)
R03077,exclude,E2: human evaluators (professional investigators) vs tools on images only,https://arxiv.org/abs/2603.04456,,,"DF40, CelebDF, CASIA-v2 (image sets)",,"Expert evaluators, but image-only stimuli"
R03130,exclude,"E2: aesthetic Turing test of AI-generated Instapoetry (text), not music or audio",https://api.openalex.org/works/W7167707989 (metadata),,,,,"The S2 note said instrumental music, but the full title says Instapoetry"
R03169,exclude,"E3: OSF study registration (Spain panel, N=1,700) of fact-check/literacy interventions; no results, and it focuses on AI images",https://api.openalex.org/works/W7118508650 (registration abstract),,,,,Registration only; parallel Romania registration R03317
R03192,exclude,"E4: book chapter on Perceived Deepfake Trustworthiness Questionnaire; trustworthiness ratings, not real-vs-fake detection",https://api.openalex.org/works/W7128477207 (abstract),video,,,,"Same UC1 project as R02689/R03485 (Plohl et al.), a possible duplicate data source"
R03200,include,"Priming experiment on distinguishing authentic vs deepfake content across text, image and multimedia",https://api.openalex.org/works/W7138847651 (abstract),video,,not named,numbers missing,"Full text blocked (Anubis); multiple groups (control, conceptual, perceptual priming); same authors as R03016 and likely an overlapping or extended sample; unclear whether the multimedia items are generative"
R03244,include,89 participants rated 20 real and 20 face-swap deepfake videos (point-light facial dynamics) on a real-fake scale,https://arxiv.org/html/2604.21760,video,89,Faceswap autoencoder (Google DeepFakeDetection dataset),accuracy 50.5%,Stimuli are point-light displays derived from videos (texture removed); student sample (mean age 19.7); no feedback
R03250,exclude,"E4: identity-recognition thresholds for altered faces (is it still the same person), not a real-vs-fake judgment",https://api.openalex.org/works/W7153715981 (abstract),,102,,,CHI 2026 extended abstract; likely face images
R03302,exclude,E4: dissertation on credibility judgments of health deepfake videos (2x3 design); no real-vs-AI detection outcome,https://api.openalex.org/works/W7133964496 (abstract),video,233,,,"Authenticity factor is the content, not the medium"
R03310,not_retrieved,Mixed-methods deepfake detection study (N=31); modality and outcome numbers not available,https://link.springer.com/chapter/10.1007/978-3-032-02504-3_4,,31,,,Closed access; abstract does not state modality; deepfake awareness predicted detection
R03317,exclude,"E3: OSF study registration (Romania panel, N=1,500) of fact-check/literacy interventions; no results",https://api.openalex.org/works/W7211897628 (registration abstract),,,,,Registration only; parallel to R03169
R03339,exclude,"E4: participants rated face-swap and original videos on humanness, eeriness and attractiveness; no real-vs-fake judgment",https://api.openalex.org/works/W4311803472 (abstract),video,,FaceForensics++,,VSS conference abstract
R03350,include,Humans tested on distinguishing real vs AI-inpainted ballot images and videos,https://api.openalex.org/works/W7140317907 (abstract),video,,YOLOv11 + WavePaint inpainting,numbers missing (humans recognise fakes relatively well),Non-face video (ballot footage); mixed images and videos; full text 403
R03485,exclude,"E3: Zenodo dataset deposit, not a study report; the data are from the UC1 deepfake-video experiments reported in R02689",https://api.openalex.org/works/W7104032789 (metadata),video,,,,Duplicate data source of R02689/R03192; useful for extracting numbers
R03497,include,"Listeners judged 80 stimuli (40 natural, 40 deepfake; dysphonic and control speakers, English/Spanish) as synthetic or human",https://api.openalex.org/works/W4411797002 (abstract),audio,,not named,numbers missing,OSF preprint PDF not readable; N listeners not given; possibly phonetician listeners
R03504,include,Subjective listening tests of human ability to distinguish synthetic from real voices (smart-assistant security study),https://api.openalex.org/works/W7166503909 (abstract),audio,,not named in abstract,numbers missing (only marginally better than chance),OA (CC-BY) but full text not fetched; most of the paper is on device spoofing
R03510,exclude,E2: 136 lay participants judged authentic vs AI-generated evidentiary photographs; images only,https://arxiv.org/html/2606.07613,,136,"GPT-Image-1.5, Gemini-3-Pro-Image, Flux-2-Max, etc.",,Image-only
R03526,include,Survey N=261 rated perceived authenticity of real vs deepfake political speech videos (US candidates),https://api.openalex.org/works/W7154573827 (abstract),audiovisual,261 (+13 focus group),not named; ChatGPT-written scripts,numbers missing (no significant difference in perceived authenticity real vs deepfake),CogSci 2025 talk recording (Underline); some stimuli are recontextualised historical speeches (possible cheap-fake component)
R03605,include,35 participants classified 40 real and AI-cloned voice recordings as real or synthesized,https://api.openalex.org/works/W7131192590 (abstract),audio,35,AI voice cloning (tool not named in abstract),"accuracy ~65% (real 70%, cloned 60%)","DergiPark, closed"
R03658,exclude,"E2: 1,804 survey participants judged real vs fabricated news events with authentic or synthetic images",https://api.openalex.org/works/W7127572774 (abstract),,1804,,,Image stimuli
R03733,exclude,E3: OSF study protocol (illusion task + AI video detection); no results reported,https://api.openalex.org/works/W7202169061 (abstract),video,,,,Protocol dated Aug 2026; look for a later results paper
R03769,exclude,E3: OSF preregistration only (MimicBuddy); no results reported,https://osf.io/qc9hk,audio,,AI voice cloning generators (unnamed),none,Same study as R03922 (Fakhry; MimicBuddy); cue vs exposure training; re-screen if results published
R03850,exclude,E4: EEG responses to real vs fake audio; no behavioral real/fake judgment reported,https://arxiv.org/abs/2402.14982,audio,,,none,Abstract-level check only; full text not read
R03922,not_retrieved,"Preprint of MimicBuddy training study; closed access, abstract gives no results",https://api.openalex.org/works/W7170990718 (abstract only),audio,,AI voice cloning generators (unnamed),numbers missing,"Duplicate/companion of R03769 (same author, same study); OSF preprint osf.io/h8tpr not readable"
R03978,include,Listeners discriminated/identified real vs AI-cloned dysphonic and healthy voices,https://api.openalex.org/works/W7160889028 (abstract),audio,64 (per S2),AI voice cloning (tool not named in abstract),identification accuracy 66.8%; real-dysphonic vs AI discrimination 31.1%,"JASA conference abstract; likely duplicate of R06466 (Bottalico et al., same dysphonic cloning study); 3 experiments; 12 speakers"
R04024,exclude,"E4: task is speaker-identity recognition (visual-world eyetracking), not real-vs-synthetic judgment",https://api.openalex.org/works/W7169492982 (abstract),audio,20,voice conversion (unnamed),speaker recognition 40% authentic vs 30% converted,Borderline; no realness judgment described
R04157,exclude,"E4: ASVspoof2019 LA human assessment used naturalness and speaker-similarity scores, not real/spoof decisions",https://github.com/nii-yamagishilab/ASVspoof2019-LA-human-assessment-data,audio,,ASVspoof2019 LA systems A07-A19,naturalness/similarity scores,Dataset release; linked to Wang et al. 2020 ASVspoof2019 database paper
R04453,include,82 listeners classified genuine vs synthetic speech (full and partial spoofs),https://arxiv.org/abs/2608.19959,audio,82,RTVC; YourTTS; ElevenLabs,"F1 ~90% (RTVC, YourTTS) to 48% (ElevenLabs); partial spoof strict accuracy 9%, 77% synthetic judged genuine",Participants are IT professionals (expert-ish group); warned about deepfakes; full vs partial spoof conditions
R04649,include,Two experiments: listeners classified human vs AI Scottish-accented voices; SDT bias and sensitivity,https://academic.oup.com/cybersecurity/article/12/1/tyag001/8429000,audio,300 (2 x 150),not stated in retrieved summary,SDT sensitivity and bias (B''D); nudge reduced human-response bias,Two experiments (N=150 each); nudge conditions; check for overlap with other Kirk voice studies
R04652,not_retrieved,Swedish thesis on judging AI-generated videos; unclear whether a real/fake judgment task with results exists,https://api.openalex.org/works/W7165988144 (abstract),video,69,,numbers missing,Mixed survey + 8 interviews; DiVA full text blocked
R04681,include,DF26 benchmark; human detection of real vs AI-generated talking videos reported near chance,https://api.openalex.org/works/W7212083156 (abstract),video,,"recent text-to-video and image-to-video models (271 real, 2,420 fake clips)",numbers missing (near chance),arXiv PDF unreadable; N and accuracy to extract
R04707,include,Participants received scam calls with cloned familiar voices; deception rate reported,https://api.openalex.org/works/W7126039195 (abstract),audio,14,AI voice cloning (unnamed),numbers missing (most deceived),fake-only; field/simulated scam calls; small N
R04719,include,"109 participants rated authentic vs AI audio, images, video for human-likeness",https://api.openalex.org/works/W7165068004 (abstract),audiovisual,109,not named,numbers missing,Finnish MSc thesis; rating-based (human-likeness) — verify real-vs-fake judgment; image arm must be excluded; audio and video arms separate
R04721,not_retrieved,Unclear whether participants classified real vs AI videos (outcome is post-exposure skepticism/confidence),https://api.openalex.org/works/W7153799452 (abstract),video,100,not named,numbers missing,CHI EA 2026; ACM full text blocked; two-phase exposure design
R04739,include,450 participants classified Swedish speech clips as AI or human; SDT analysis,https://api.openalex.org/works/W7165281203 (abstract),audio,450,not named,SDT; strong bias to judge 'human' (numbers to extract),Swedish bachelor thesis
R04764,include,Forced-choice real UGC vs AI-generated audio-visual content with eye tracking,https://api.openalex.org/works/W7129626451 (abstract),audiovisual,,text-to-video and video-to-audio models (unnamed),numbers missing (visual fakes detected better than audio),Dolby; ICIP workshop 2025
R04791,include,"Participants judged paired human vs AI music, narration and video without knowing origin",https://api.openalex.org/works/W7131357622 (abstract),audiovisual,,ElevenLabs; Suno; Revid.ai,numbers missing,"Greek conference paper; three modalities (music, speech narration, video) analyze separately; PDF 403"
R04798,include,Participants distinguished real vs synthetic video across appearance/motion generation conditions,https://api.openalex.org/works/W7153729281 (abstract),video,,AI video generation/editing tools (unnamed),numbers missing,CHI EA 2026 (NHK); 5 conditions
R04829,include,"Human study: passive detection of real-time deepfakes vs DF-CAPTCHA, audio and video",https://api.openalex.org/works/W7212277087 (abstract),audiovisual,,real-time deepfake models (unnamed),numbers missing (people struggle passively),Audio and video arms; intervention condition; arXiv full text rate-limited
R04838,exclude,E1: automatic speaker recognition (ECAPA-TDNN) on synthetic voices; no human judgment,https://api.openalex.org/works/W4417397634 (abstract),audio,,ElevenLabs; Coqui-TTS,none,
R04845,include,Stimulus dataset for Davodi et al. CVPRW 2026: 376 participants judged real vs AI videos,https://hfarid.org/downloads/publications/cvprw26a.pdf,video,376,Veo 3.1; Seedance Pro 1; Sora 2 (dataset also Kling 2.6),real ~60% correct; AI 57.7% (frame) to 74.6% (8 s); d' reported,"Zenodo dataset record; duplicate of the CVPRW 2026 paper (Davodi, Barrington, Farid, Cooper) if that is a separate record; Prolific, 2025; duration conditions"
R05054,exclude,E4: dataset of self-report Likert items on authenticity judgment; no stimulus-based detection task,https://zenodo.org/records/17808431,,,,none,Human Clarity Institute survey
R05293,exclude,E2: Wade test compares text CEO responses vs AI-generated responses,https://api.openalex.org/works/W4415999752 (abstract),,,GenAI CEO bot,accuracy 59%,Duplicate of R05416 (same Wade test field experiment)
R05416,exclude,E2: Wade test compares text CEO responses vs AI-generated responses,https://api.openalex.org/works/W7172496831 (abstract),,,GenAI CEO bot,accuracy 59%,Duplicate of R05293; CESifo WP 11316
R05483,exclude,E1: framework paper; no empirical listening study (projections only),https://api.openalex.org/works/W7172154980 (abstract),music,,latent diffusion voice synthesis,none,
R05499,exclude,E4: subjective rating that generated videos were hard to distinguish; no real-vs-fake classification,https://api.openalex.org/works/W7165663229 (abstract),video,,StyleGAN2-based virtual commentator,50% found hard to distinguish,Borderline fake-only rating; Wiley full text 403
R06115,exclude,"E4: Likert ratings of generated driving videos; real footage only as reference, no real-vs-generated judgment",https://www.mdpi.com/2079-9292/15/14/3033,video,,world foundation models,none,
R06198,exclude,E2: eye tracking on AI vs human images,https://api.openalex.org/works/W7115571730 (abstract),,,,none,Zenodo notebook
R06340,exclude,E2: AI detection of text/image marketing content,https://api.openalex.org/works/W7197009624 (abstract),,,GPT-4; DALL-E 3,accuracy 53.3%,
R06465,include,User tests (N=394) of how often LLM-generated Turkish vishing content was perceived as real,abstract only,audio,394,multimodal LLM + TTS (unnamed),% judged real (value to extract),"fake-only likely; modality inferred (voice phishing, J Voice); PubMed blocked"
R06466,include,Experiment 1: listeners judged whether voice samples were real or AI-cloned,abstract only,audio,,AI voice cloning (unnamed),numbers missing,"Likely duplicate of R03978 (Bottalico et al., dysphonic AI voice cloning); multiple experiments"
R06584,not_retrieved,No abstract or full text; title suggests algorithmic perceptual-similarity detector,abstract only,audio,,,,"IEEE AIRC 2026, closed"
R06666,include,"Trivia game: 2,383 participants made 24,502 AI-vs-human guesses on image, sound and text",https://researchportal.vub.be/en/publications/ai-or-human-the-socio-ethical-implications-of-ai-generated-media-/,audio,2383,not named,numbers missing (per-modality),Only sound items eligible; images/text excluded; type of sound (music vs speech) unknown
R06883,not_retrieved,Could not read paper; unclear whether a listener test exists or only automatic detectors,abstract only,audio,,,,ITG SpeCon 2025 PDF blocked by robots.txt
R07450,not_retrieved,No abstract; unclear whether older adults judged real vs deepfake stimuli,abstract only,,,,,CHI 2026; ACM blocked; older adults
R07454,include,490 US participants distinguished authentic vs AI-manipulated videos; accuracy and calibration,https://api.openalex.org/works/W7154167346 (abstract),video,490,not named,numbers missing (poor accuracy and calibration),CHI 2026; ACM full text blocked
R07455,include,90 participants identified real vs deepfake videos (balanced 240 videos) under three annotation conditions,https://arxiv.org/html/2601.17371v1,video,90,4 deepfake datasets (not named in summary),"F1 0.883 Collab, 0.797 no aggregation, 0.706 no label",Mixed expertise incl. experts; intervention conditions; 7-day study
R07471,exclude,E1: automatic deepfake voice detectors only; no listener test,https://arxiv.org/html/2509.26471,audio,,,none,
R07473,not_retrieved,Third-person perceptions preprint; unclear if an actual detection task exists,abstract only,,,,,SSRN rate-limited
R07494,include,Participants shown Obama/Peele deepfake asked whether Obama said it; deception rate reported,https://journals.sagepub.com/doi/full/10.1177/2056305120903408,video,2005,FakeApp-style face deepfake (BuzzFeed Obama/Peele),16% deceived; 33.2% uncertain; 50.8% not deceived,fake-only; three versions of the same deepfake; voice was human impersonation (visual deepfake)
R07515,include,Participants exposed to deepfakes then tested on detection of new deepfakes,https://api.openalex.org/works/W3183869905 (abstract),video,,not named,numbers missing,Bangladesh; two phases; may be fake-only
R07528,include,Participants identified authentic vs deepfake climate videos as authentic or manipulated,https://www.nature.com/articles/s41598-023-39944-3,video,,First Order Motion model,deepfakes 46-80% correct; authentic 50-66% correct,"Five populations incl. teachers, principals, CMU students and middle-school students (minors; exclude that group); N per group to extract"
R07533,exclude,"E4: no real-vs-fake judgment; manipulation noticed by nobody, only situation authenticity rating",https://www.frontiersin.org/articles/10.3389/fsoc.2022.907199/full,video,37,DeepFaceLab,authenticity rating deepfake 4.39 vs original 3.11,Borderline: between-subject authenticity rating of the situation; could be reconsidered
R07585,not_retrieved,No abstract/full text; content type unclear (probably GAN images),abstract only,,,GANs,,"Springer 2019, closed; ResearchGate rate-limited"
R07596,exclude,E4: survey of presumed influence/perceived ability to discern deepfakes; no detection task,abstract only,video,,,none,Third-person perception survey
