study_id,record_id,doi,year,first_author,title,modality,fulltext_source,s3_notes,outcome_hint
ST001,R00008,10.1073/pnas.2110013119,2021,Matthew Groh,"Deepfake detection by human crowds, machines, and machine-informed crowds",video,https://perception.jhu.edu/files/PDFs/22_Deepfakes/GrohEtAl_DeepfakeDetection_2022_PNAS.pdf,Multiple experiments/groups; Exp2 data Nov 2020-Jan 2021; model predictions shown after initial response (machine-informed crowd); same DFDC stimuli reused by R00300 Ramon,"Exp1 2AFC ~80% (82% of participants beat model at 65%); Exp2 accuracy 66% recruited, 69% nonrecruited"
ST001,R00422,,2021,Matthew Groh,Comparing Human and Machine Deepfake Detection with Affective and Holistic Processing.,video,https://perception.jhu.edu/files/PDFs/22_Deepfakes/GrohEtAl_DeepfakeDetection_2022_PNAS.pdf (arXiv 2105.06496 = preprint of PNAS 2022),"Preprint of Groh et al. 2022 PNAS; DUPLICATE of R00424 (same study, VSS abstract). Two experiments; E2 data Nov 2020-Jan 2021; anger induction and face inversion/misalignment/occlusion manipulations",2AFC: 82% of participants beat model (65%); single-video accuracy 66% recruited / 69% nonrecruited
ST001,R00424,10.1167/jov.21.9.2390,2021,Matthew Groh,Human Detection of Deepfakes: A Role for Holistic Face Processing,video,https://api.openalex.org/works/W3196675890 (abstract only),DUPLICATE of R00422 (Groh et al. PNAS 2022); conference abstract; use R00422/PNAS for data,numbers missing (abstract: humans outperformed model in 2AFC)
ST002,R00014,10.1038/s41598-025-94170-3,2025,Sarah Barrington,People are poorly equipped to detect AI-powered voice clones,audio,https://www.nature.com/articles/s41598-025-94170-3,Also identity-matching task; 2 examples each of real and AI voices before task; no trial feedback; arXiv preprint 2410.03791 is the same study,"accuracy real 67.4%, cloned 60.8%"
ST003,R00024,10.1371/journal.pone.0285333,2023,T. Kimberly,Warning: Humans cannot reliably detect speech deepfakes,audio,https://journals.plos.org/plosone/article?id=10.1371/journal.pone.0285333,Two languages; familiarization (training) vs control groups; unary and binary tasks,"unary accuracy 70.35% (fakes 73.0%, real 67.8%); binary 85.6%"
ST004,R00030,10.1016/j.isci.2021.103364,2021,Nils Köbis,Fooled twice: People cannot detect deepfakes but think they can,video,https://pure.uva.nl/ws/files/67787899/1_s2.0_S2589004221013353_main.pdf,"Three groups: control, awareness, financial incentive; data 2021",accuracy 57.6%; 67.4% responses 'authentic'
ST005,R00045,10.1038/s41467-024-51998-z,2024,Matthew Groh,"Human detection of political speech deepfakes across transcripts, audio, and video",audiovisual,https://www.nature.com/articles/s41467-024-51998-z,"Multiple experiments and modalities (also text-only transcripts, which are out of scope); feedback in Exp1 only; Prolific","accuracy audio-only 81%, silent video 64%, video+audio 86%; TTS deepfakes 72%"
ST006,R00048,10.1145/3552466.3556531,2022,Nicolas M. Müller,Human Perception of Audio Deepfakes,audio,https://arxiv.org/pdf/2107.09667,Trial-by-trial feedback (true label + AI prediction shown) - training/feedback flag; arXiv 2107.09667 is same study,accuracy ~80%
ST007,R00067,10.1016/j.chb.2023.107917,2023,Klaire Somoray,Providing detection strategies to improve human detection of deepfakes: An experimental study,video,https://www.sciencedirect.com/science/article/pii/S0747563223002686,Strategy-intervention vs control groups (no effect); 10 real + 10 fake videos,accuracy 60.7%
ST007,R01856,10.2139/ssrn.4412638,2023,Klaire Somoray,Human Detection of Deepfakes: An Investigation of Confidence and Accuracy,video,abstract only (SSRN inaccessible; published version abstract https://researchonline.jcu.edu.au/79985/),Likely preprint of Somoray & Miller 2023 CHB 'Providing detection strategies...' (duplicate); strategy-training arm,accuracy 60.7%
ST008,R00069,10.1371/journal.pone.0332692,2025,Nadine Lavan,Voice clones sound realistic but not (yet) hyperrealistic,audio,abstract only (PLOS full text fetch failed; press releases QMUL),No hyperrealism effect; also dominance/trust ratings; preprint psyarxiv jqg6e is same study,"numbers missing (% judged human reported in paper, not retrieved)"
ST009,R00095,10.1109/cvpr42600.2020.00296,2020,Liming Jiang,DeeperForensics-1.0: A Large-Scale Dataset for Real-World Face Forgery Detection,video,https://arxiv.org/pdf/2001.03024,Expert group; likely fake-only (only fake-video realism reported; verify whether real clips included); 5-point realness scale,"% judged real (score 4-5): DF-1.0 64.1%, Celeb-DF 61.0%, DFDC 23.0%"
ST010,R00127,10.1145/3729417,2025,Di Cooke,As Good as a Coin Toss: Human Detection of AI-Generated Content,audiovisual,https://api.openalex.org/works/doi:10.1145/3729417,"DUPLICATE of R00387 (arXiv preprint, same N=1,276); CACM version; includes image stimuli (out of scope) plus audio/video/audiovisual",accuracy near chance (~50%)
ST010,R00387,10.48550/arxiv.2403.16760,2024,Di Cooke,"As Good As A Coin Toss: Human detection of AI-generated images, videos, audio, and audiovisual stimuli",audiovisual,https://arxiv.org/abs/2403.16760,DUPLICATE of R00127 (published CACM version); preregistered; images out of scope,accuracy near chance (~50%)
ST011,R00147,10.1145/3411764.3445699,2021,Rashid Tahir,Seeing is Believing: Exploring Perceptual Differences in DeepFake Videos,video,https://manwar.web.illinois.edu/files/DeepFakes___After_Rebuttal.pdf,"Two studies; only 4 real vs 25 fake videos; baseline age range 11-73 (some minors); training condition; data Aug 2020, Pakistan","baseline accuracy 51% (real 88%, fake 38%); fake detection after training 88% vs control 57%"
ST012,R00167,10.1038/s44271-025-00381-9,2026,Simon Peter Clark,The continued influence of AI-generated deepfake videos despite transparency warnings,video,https://www.nature.com/articles/s44271-025-00381-9,Multiple experiments; warnings manipulated (transparency labels); real videos only in some conditions (Exp2) - partly fake-only; MTurk/Prolific US/UK,% judging video a deepfake: 69.3% / 82% / 60% in fake-specific warning conditions
ST013,R00178,10.48550/arxiv.2009.03155,2020,Pavel Korshunov,Deepfake detection: humans vs. machines,video,https://arxiv.org/pdf/2009.03155,"DUPLICATE of R00282 (same 60 subjects, 120 videos, same numbers); lab at Idiap",accuracy real 82.2%; deepfakes 95% (very easy) to 24.5% (very difficult)
ST013,R00282,10.1109/icassp39728.2021.9414258,2021,Pavel Korshunov,Subjective and Objective Evaluation of Deepfake Videos,video,https://publications.idiap.ch/attachments/papers/2021/Korshunov_ICASSP_2021.pdf,"DUPLICATE of R00178 (arXiv version, same study)",AUC 87.5%; real 82.2%; very difficult fakes 24.5%
ST013,R00432,10.1007/978-3-030-87664-7_5,2022,Pavel Korshunov,The Threat of Deepfakes to Computer and Human Visions,video,https://link.springer.com/content/pdf/10.1007/978-3-030-87664-7_5.pdf,"Idiap staff/students. Likely DUPLICATE of Korshunov & Marcel 2020 'Deepfake detection: humans vs. machines' / ICASSP 2021 subjective evaluation (same 120 videos, same N)",AUC 87.47%; originals 82.2% correct; very difficult deepfakes 24.5% correct
ST014,R00181,10.1002/pra2.366,2020,Nyein Nyein Thaw,Is it real? A study on detecting deepfake videos,video,abstract only (https://api.openalex.org/works/doi:10.1002/pra2.366),"Qualitative/exploratory; closed access; likely DUPLICATE of R00340 (Thaw et al. 2021, same first author, same design) and possibly overlapping with R00310 (Goh)",numbers missing
ST014,R00340,10.1007/978-3-030-78635-9_80,2021,Nyein Nyein Thaw,How Are Deepfake Videos Detected? An Initial User Study,video,https://link.springer.com/chapter/10.1007/978-3-030-78635-9_80,Likely DUPLICATE of R00181 (same first author/design); Goh coauthor (see R00310),numbers missing
ST015,R00195,10.1016/j.tele.2023.102093,2023,Ewout Nas,Conspiracy thinking and social media use are associated with ability to detect deepfakes,video,https://www.sciencedirect.com/science/article/pii/S0736585323001570,59 real + 115 deepfake videos,accuracy 0.80 (MCC 0.59)
ST016,R00230,10.1167/jov.23.9.5327,2023,Emilie Josephs,Artifact magnification on deepfake videos increases human detection and subjective confidence,video,abstract only (https://doi.org/10.1167/jov.23.9.5327),"VSS conference abstract; same research program as R00351/R00384 (Fosco et al.) - possible overlapping data; multiple conditions (low prevalence, time pressure, noise)",sensitivity (t-tests) reported; numbers missing
ST017,R00239,10.1109/sp54263.2024.00159,2024,Joel Frank,A Representative Study on Human Detection of Artificially Generated Media Across Countries,audio,https://arxiv.org/pdf/2312.05976,Also image and text (out of scope); 15 real + 15 fake audio; data Jun-Sep 2022; arXiv 2312.05976 is same study,"audio accuracy USA 50.6%, Germany 59.2%, China 51.7%"
ST018,R00250,10.1038/s44260-024-00006-y,2024,Juniper L. Lovato,Diverse misinformation: impacts of human biases on detection of deepfakes on networks,video,https://www.nature.com/articles/s44260-024-00006-y,Unprimed viewing then post-hoc judgment; US Qualtrics panel,accuracy 51%; MCC 0.334
ST019,R00277,10.1080/13546783.2024.2391794,2024,Eva M. Janssen,"Looks real, feels fake: conflict detection in deepfake videos",video,abstract only (https://api.openalex.org/works/doi:10.1080/13546783.2024.2391794),Explicit and implicit judgments; famous US actors; T&F full text blocked,numbers missing (explicit accuracy reported in paper)
ST020,R00289,10.1007/s41870-023-01494-2,2023,Yalamanchili Salini,DeepFake Videos Detection Using Crowd Computing,video,abstract only (https://link.springer.com/article/10.1007/s41870-023-01494-2),Closed access; hybrid human+ML prediction of participant decisions,numbers missing
ST021,R00290,10.23919/eusipco63174.2024.10715076,2024,Hafsa Ouajdi,Detection of Deepfake Environmental Audio,audio,https://arxiv.org/html/2403.17529v2,Non-speech environmental audio; stimuli chosen as ML-misclassified items (adversarial selection); HAL copy same paper,fakes judged fake 49%; real judged real 71%
ST022,R00291,10.31219/osf.io/dta97,2021,John Ternovski,Deepfake Warnings for Political Videos Increase Disbelief but Do Not Improve Discernment: Evidence from Two Experiments,video,https://www.tsjournal.org/index.php/jots/article/download/28/15,"Published version 'Negative Consequences of Informing Voters about Deepfakes' (JOTS) is same study; Study 2 has no deepfake; warning manipulation; Lucid, 2020",7-point belief-fake ratings; no discernment without warning (numbers on scale)
ST023,R00300,10.1109/msec.2024.3371030,2024,Meike Ramon,Deepfake Detection in Super-Recognizers and Police Officers,video,https://mattgroh.com/pdfs/Deepfake_Detection_in_Super-Recognizers_and_Police_Officers.pdf,"Expert group (police, super-recognizers); reuses R00008 stimuli",accuracy reported; no SR advantage (numbers not extracted)
ST024,R00310,10.1002/asi.24867,2024,Dion Hoe‐Lian Goh,"“He looks very real”: Media, knowledge, and search‐based strategies for deepfake identification",video,abstract only (https://api.openalex.org/works/doi:10.1002/asi.24867),Qualitative; Goh is coauthor of R00181/R00340 (Thaw et al.) - possible overlapping sample; Wiley PDF blocked,numbers missing
ST025,R00320,10.1109/biosig58226.2023.10346006,2023,Daniel Prudký,Assessing the Human Ability to Recognize Synthetic Speech in Ordinary Conversation,audio,abstract only (https://api.openalex.org/works/doi:10.1109/biosig58226.2023.10346006),DUPLICATE/overlap: this sample is Exp 1 of R00398 (Malinka et al. 2024); single deepfake embedded among real messages,3.2% detected unaware; 83.9% identified deepfake after debrief
ST025,R00398,10.1186/s13640-024-00641-4,2024,Kamil Malinka,Comprehensive multiparametric analysis of human deepfake speech recognition,audio,https://link.springer.com/article/10.1186/s13640-024-00641-4,Exp1 is DUPLICATE of R00320 (Prudky BIOSIG 2023); Exp2 paired comparison; mostly technical students,"Exp1 3.2% unaware / 83.9% aware; Exp2 accuracy men 93.9%, women 77.2%"
ST026,R00345,10.2139/ssrn.5002585,2024,Alexander Diel,"Inability to Detect Deepfakes: Deepfake Detection Training Improves Detection Accuracy, But Increases Emotional Distress and Reduces Self-Efficacy",video,abstract only (https://papers.ssrn.com/sol3/papers.cfm?abstract_id=5002585),Modality stated as video in s2 but not confirmed in abstract; training/feedback group,training improved accuracy ~20 points; baseline numbers missing
ST027,R00351,10.48550/arxiv.2206.00535,2022,Camilo L. Fosco,Deepfake Caricatures: Amplifying attention to artifacts increases deepfake detection by humans and machines,video,https://arxiv.org/pdf/2206.00535,DUPLICATE of R00384 (same user study); 200 real + 200 fake; exposure 300ms-5s,caricatures +14 to +43 points accuracy vs standard deepfakes
ST027,R00384,10.1167/jov.22.14.4079,2022,Camilo L. Fosco,Deepfake Caricatures: Human-guided Motion Magnification Improves Deepfake Detection by Humans and Machines,video,abstract only (https://api.openalex.org/works/doi:10.1167/jov.22.14.4079),DUPLICATE of R00351 (VSS abstract of same study); fake detection only reported,deepfakes detected 71% with caricature vs 42% without
ST028,R00388,10.31219/osf.io/cdfh3,2021,Soubhik Barari,Political Deepfakes Are As Credible As Other Fake Media And (Sometimes) Real Media,video,abstract only (https://api.openalex.org/works/doi:10.31219/osf.io/cdfh3),Two experiments; also text/audio misinformation comparison; representative US sample,up to 50% found deepfakes credible; detection accuracy numbers missing
ST029,R00403,10.3390/electronics12214458,2023,Krzysztof P. Milewski,Comparison of the Ability of Neural Network Model and Humans to Detect a Cloned Voice,audio,https://www.mdpi.com/2079-9292/12/21/4458,Paired 2AFC incl. 3 fake-fake pairs; survey 2 is quality rating (E4 part),accuracy ~62-64%
ST030,R00412,10.31234/osf.io/hwujb,2021,Stefan Sütterlin,"Individual Deep Fake Recognition Skills are Affected by Viewers’ Political Orientation, Agreement with Content and Device Used",video,abstract only (https://api.openalex.org/works/doi:10.31234/osf.io/hwujb),Half fabricated; device type effect; PsyArXiv PDF not accessible,numbers missing (recognition accuracy reported in paper)
ST031,R00419,10.36227/techrxiv.171560542.29368554/v1,2024,Ammarah Hashmi,Unmasking Illusions: Understanding Human Perception of Audiovisual Deepfakes,audiovisual,https://arxiv.org/html/2405.04097v2,TechRxiv and arXiv 2405.04097 are same study; forewarning in half the participants; 20 real + 20 fake,accuracy 65.6%
ST032,R00427,10.1016/j.chbah.2023.100031,2023,Ilkka Kaate,“There Is something Rotten in Denmark”: Investigating the Deepfake persona perceptions and their Implications for human-centered AI,audiovisual,https://repositorio.iscte-iul.pt/bitstream/10071/30733/1/article_98882.pdf,Within-subjects: each participant saw one deepfake and one human persona; design/UX task context,% judged deepfake per condition asked (exact numbers to extract); glitches perceived in 47.8% of deepfake vs 26.1% of human sessions
ST033,R00441,10.1145/3658644.3670325,2024,Kevin M. Warren,"""Better Be Computer or I'm Dumb"": A Large-Scale Evaluation of Humans as Audio Deepfake Detectors",audio,https://cise.ufl.edu/~butler/pubs/ccs24-warren-deepfake.pdf,Prolific; no feedback; three dataset groups (between-subjects),"accuracy 73% overall (WaveFake 65%, ASVspoof 71%, FakeAVCeleb 81%)"
ST034,R00443,10.48009/2_iis_2024_108,2024,,UNMASKING MEDIA ILLUSION: ANALYTICAL SURVEY OF DEEPFAKE VIDEO DETECTION AND EMOTIONAL INSIGHTS,video,https://iacis.org/iis/2024/2_iis_2024_96-112.pdf,University students (two Midwestern universities); authors AlSobeh et al.; per-video results only,real videos >80% correct; fake ~50-60% (one at 29%)
ST035,R00446,10.1007/978-3-031-08147-7_24,2022,Vanessa Barnekow,Creation and Detection of German Voice Deepfakes,audio,https://arxiv.org/pdf/2108.01469,German; groups vary in familiarity with the speaker; OpenAlex has preprint and chapter versions (same study),"accuracy 37% overall (groups 55%, 63%, 27%, 27%)"
ST036,R00472,10.32727/8.2023.25,2023,Cathryn Allen,What You See Is Not What You Know: Studying Deception in Deepfake Video Manipulation,video,https://digitalcommons.kennesaw.edu/cgi/viewcontent.cgi?article=1126&context=jcerp,University community (students/staff/faculty); familiarity manipulation,66.23% misclassified at least one of 4 videos; per-video accuracy 43.9-95.3% by familiarity
ST036,R01077,10.32727/28.2023.1,2022,Cathryn Allen,What You See Is Not What You Know: Deepfake Image Manipulation,video,https://digitalcommons.kennesaw.edu/cgi/viewcontent.cgi?article=1142&context=ccerp (abstract via OpenAlex),Stage-2 flagged likely same study as R00472 (possible duplicate publication),66.23% of participants failed to classify correctly (accuracy computable)
ST037,R00496,10.1038/s41598-026-59364-3,2026,Matthew Richard Ivory,Human detection of AI-generated faces and voices is not domain-general,audio,https://www.nature.com/articles/s41598-026-59364-3,"Prolific, data 2025; practice feedback only. Voice stimuli from Lavan et al. set - check overlap with Lavan et al. study","voice accuracy 53.95% (d'=0.20); faces 65.48% (d'=0.85, image part not eligible)"
ST038,R00500,10.1145/3610661.3617148,2023,Muhammad Riyyan Khan,Exploring Neurophysiological Responses to Cross-Cultural Deepfake Videos,audiovisual,https://api.openalex.org/works/W4387446847 (abstract only; ACM PDF 403),Small EEG study; ICMI companion,numbers missing (abstract: better detection for familiar language/ethnicity)
ST039,R00501,10.1145/3658644.3690305,2024,Filipo Sharevski,Blind and Low-Vision Individuals' Detection of Audio Deepfakes,audio,https://api.openalex.org/works/W4405181820 (abstract; ACM PDF 403),Special population (blind/low-vision); same group as Sharevski works,"accuracy 59% (low-vision 61%, blind 55%)"
ST040,R00508,10.1002/pra2.1139,2024,Dion Hoe‐Lian Goh,Humans Versus Machines: A Deepfake Detection Faceoff,video,https://api.openalex.org/works/W4403433180 (abstract only; Wiley 403),ASIS&T short paper; Goh group (NTU) - possible sample overlap with R00948 / other Goh studies,numbers missing (abstract: humans outperformed ML models)
ST041,R00545,10.1109/icme52920.2022.9859954,2022,Swaroop Shankar Prasad,Human vs. Automatic Detection of Deepfake Videos Over Noisy Channels,video,https://api.openalex.org/works/W4293523209 (abstract only; IEEE closed),Multiple distortion conditions,numbers missing (abstract: DNNs outperform humans; noise hurts humans)
ST042,R00587,10.3390/jcp5010006,2025,Abdulazeez AlAli,Partial Fake Speech Attacks in the Real World Using Deepfake Audio,audio,https://www.mdpi.com/2624-800X/5/1/6,Partial fakes (generative segments spliced into real speech); possibly FAKE-ONLY (check whether fully real clips included); two user studies with same 148 participants,detection 16% (unknown voices) / 17.5% (known voices); video study 11-31%
ST043,R00601,10.31234/osf.io/a9dwe,2023,Torvald Fossåen Ask,Cognitive flexibility but not cognitive styles influence deepfake detection skills and metacognitive accuracy,video,https://api.openalex.org/works/W4320922930 (abstract; OSF PDF blocked by robots),PsyArXiv preprint; check for published journal version,numbers missing in retrieved text (detection performance and metacognitive accuracy reported)
ST044,R00606,10.48550/arxiv.2508.21052,2025,"Liu, Ziyi",FakeParts: a New Family of AI-Generated DeepFakes,video,https://arxiv.org/html/2508.21052,Reported real-video accuracy 24.2% looks odd - verify at extraction; data late 2024-early 2025; mainly a dataset paper,"accuracy 75.3% overall (real 24.2%?, full deepfakes 76.6%, FakeParts 70%)"
ST045,R00607,10.1007/978-3-031-51023-6_39,2024,Shelina Khalid Jilani,Decoding Deception: Understanding Human Discrimination Ability in Differentiating Authentic Faces from Deepfake Deceits,video,https://research.tees.ac.uk/en/publications/decoding-deception-understanding-human-discrimination-ability-in-/ (abstract),EXPERT GROUP: facial image comparison practitioners vs novices,accuracy >70% novices; FIC practitioners comparable/lower
ST046,R00617,10.31234/osf.io/4ms5a,2021,Sean Hughes,Deepfaked online content is highly effective in manipulating people’s attitudes and intentions,video,https://www.osti.gov/biblio/1780812 (abstract only),Borderline: main outcome attitudes; detection measure/numbers need verification at extraction; multiple studies,numbers missing (abstract: people find it hard to detect deepfakes)
ST047,R00646,10.54501/jots.v2i2.144,2024,Emilie Josephs,Effects of Browsing Conditions and Visual Alert Design on Human Susceptibility to Deepfakes,video,https://par.nsf.gov/servlets/purl/10524815,"Multiple conditions (low prevalence, brief, divided attention, noisy); AI alert/caricature conditions are aided","baseline hit 73.3%, FA 28.1% (d' ~1.29); other conditions reported"
ST048,R00697,10.31219/osf.io/v4bf6,2022,Andrew Lewis,Do Content Warnings Help People Spot a Deepfake? Evidence from Two Experiments,video,https://royalsociety.org/-/media/policy/projects/online-information-environment/do-content-warnings-help-people-spot-a-deepfake.pdf,"Possible DUPLICATE of Lewis, Vu, Duch & Chowdhury 2023 Royal Society Open Science (published version); control group saw only real videos",deepfake identified 10.7% no warning vs 21.6% warning; 32.9% vs 34.1% reported anomaly
ST049,R00708,10.1186/s41235-025-00700-y,2026,Didem Pehlivanoglu,Is this real? Susceptibility to deepfakes in machines and humans,video,https://link.springer.com/article/10.1186/s41235-025-00700-y,Only Study 2 eligible; undergraduate sample; OpenAlex lists preprint versions (same study),numbers missing for videos in retrieved text (humans outperformed machines on video)
ST050,R00744,10.1145/3382507.3418857,2020,Parul Gupta,The eyes know it,video,https://arxiv.org/pdf/2006.06961,"University students; 811 videos (331 real, 480 fake)",numbers missing in retrieved text (real/fake labels collected; computable)
ST050,R01098,10.48550/arxiv.2006.06961,2020,Parul Gupta,The eyes know it: FakeET -- An Eye-tracking Database to Understand Deepfake Perception,video,https://arxiv.org/pdf/2006.06961,Stage-2 flagged likely same study as R00744 (possible duplicate); database released so labels may be computable,"numbers missing (2AFC labels recorded, human accuracy not reported)"
ST051,R00753,10.1523/eneuro.0300-25.2026,2026,Jinghan Yang,Short-Term Perceptual Training Modulates Neural Responses to Deepfake Speech But Does Not Improve Behavioral Discrimination,audio,https://www.eneuro.org/content/13/3/ENEURO.0300-25.2026,Mandarin speakers; training with labels (feedback) between blocks,d'=0.27-0.51 pre-training; 0.34-0.76 post
ST051,R02143,,2025,Jinghan YANG,Short-Term Perceptual Training Modulates Neural Responses but Fails to Improve Discrimination of AI-Generated vs. Human Speech,audio,https://www.eneuro.org/content/13/3/ENEURO.0300-25.2026,"Training with labeled exemplars; EEG; published in eNeuro 2026, record is 2025 version; check for duplicate eNeuro record","d'=0.27-0.51 pre-training, 0.34-0.76 post"
ST052,R00773,10.48550/arxiv.2407.21615,2024,Pedro Bernardo Sarmento,Between the AI and Me: Analysing Listeners' Perspectives on AI- and Human-Composed Progressive Metal Music,music,https://www.themoonlight.io/en/review/between-the-ai-and-me-analysing-listeners-perspectives-on-ai-and-human-composed-progressive-metal-music (summary; arXiv rate-limited),"Borderline: realness rating rather than binary; symbolic generation, both human and AI pieces rendered identically; listeners were fans (semi-expert)",humanness Likert ratings (no accuracy); numbers missing
ST053,R00848,10.1109/iwbf62628.2024.10593932,2024,Alexandre Libourel,A Case Study on how Beautification Filters Can Fool Deepfake Detectors,video,https://www.eurecom.fr/publication/7648/download/sec-publi-7648.pdf,Mostly an algorithm paper with a small subjective test,accuracy 69% non-beautified vs 66% beautified
ST054,R00948,10.1007/978-3-031-19682-9_4,2022,Dion Hoe‐Lian Goh,Understanding Users’ Deepfake Video Verification Strategies,video,https://link.springer.com/chapter/10.1007/978-3-031-19682-9_4 (abstract),Qualitative interview study; Goh group - possible overlap with R00508/R00831,only half of participants correctly identified all videos; numbers missing
ST055,R00958,10.48550/arxiv.2409.06348,2024,"Yan, Ziwei",VoiceWukong: Benchmarking Deepfake Voice Detection,audio,https://www.usenix.org/system/files/usenixsecurity25-yan-ziwei.pdf,Mostly benchmark paper; young participants (mean age 22.4); arXiv and USENIX Security 2025 versions same study,"accuracy 56.69% English, 77.94% Chinese"
ST056,R01000,10.2139/ssrn.5954496,2025,Eugenia San Segundo,Human perception of audio deepfakes: the role of language and speaking style,audio,https://awesomepapers.io/speech-audio/papers/2512.09221 (arXiv 2512.09221 summary),"SSRN preprint, arXiv 2512.09221 and Speech Communication 2026 are the SAME study",accuracy 59.11%
ST057,R01041,10.1167/jov.22.14.3993,2022,Matthew Groh,Do Super Recognizers Excel at Deepfake Detection?,video,https://api.openalex.org/works/W4311552690 (VSS abstract; doi 10.1167/jov.22.14.3993),"Conference abstract; expert/special group (super-recognizers); control data reuse the Groh et al. 2022 PNAS Detect Fakes sample - possible overlap with that study; 2 experiments (2AFC, single)",SRs outperform controls by 5-10 pp; exact accuracy not in abstract
ST058,R01069,10.1121/10.0026827,2024,Andrzej Czyżewski,Enhancing voice biometric security: Evaluating neural network and human capabilities in detecting cloned voices,audio,"abstract only (OpenAlex W4400286687 JASA abstract; W4404740584 POMA 54:055005 paper, PDF 403)",JASA meeting abstract + POMA companion paper (10.1121/2.0001978) are the same study; same Gdansk group (Czyzewski) as R01520 Warzych - check for overlapping listening data,numbers missing
ST059,R01172,10.31234/osf.io/knvby_v1,2025,Nejc Plohl,"How deepfake quality, media literacy, and personal attitudes shape detection, liking, and social media sharing of political deepfakes",audiovisual,abstract only (OpenAlex W4410497901; OSF PDF not renderable),"Same sample (N=1,124) as R01432 (Plohl, attitudinal outcomes) - duplicate sample; confirm whether real videos were in detection task (possibly fake-only)",detection accuracy (values not extracted)
ST059,R02689,10.1057/s41599-026-09122-7,2026,Nejc Plohl,"How deepfake plausibility, media literacy, and personal attitudes shape detection, liking, and intentions to share political deepfakes on social media",video,https://www.nature.com/articles/s41599-026-09122-7,Likely fake-only (only manipulated videos mentioned); data collected Jan-Apr 2025; same UC1 project/data as R03485 (dataset) and R03192 (book chapter),numbers missing (high-plausibility deepfakes detected less often)
ST060,R01183,10.31234/osf.io/85xu2_v1,2025,Nejc Plohl,Investigating the effects of an educational infographic and cognitive load on deepfake detection and metacognitive judgments,audiovisual,abstract only (OpenAlex W4416559465; OSF page not renderable),Infographic training condition vs control; cognitive-load manipulation; same Plohl group as R01172/R01432 but different sample,detection accuracy (values not extracted)
ST061,R01186,10.5771/2192-4007-2025-4-550,2025,Mary E. Holmes,Spotting fakes: How do non-experts approach deepfake video detection?,video,https://researchonline.jcu.edu.au/90271/1/90271.pdf,2 studies; Study 1 has strategy-guidance training arm; Study 2 practice feedback; data 2023-2024; JCU group (Somoray/Holmes) but different sample from R01856,"accuracy 61% (Study 1), 65% (Study 2)"
ST062,R01216,10.1016/j.chbah.2025.100143,2025,Victor Rosi,Perception and social evaluation of cloned and recorded voices: Effects of familiarity and self-relevance,audio,https://www.sciencedirect.com/science/article/pii/S2949882125000271,Multiple listener groups/conditions; data ~2023-2024,"d'=2.13 (self), 1.91 (friend), -0.14 (unfamiliar)"
ST063,R01228,10.1177/23312165251403080,2025,Lauren Calandruccio,Masked-speech Recognition Using Human and Synthetic Cloned Speech,audio,https://pmc.ncbi.nlm.nih.gov/articles/PMC12686364/,Primary aim is intelligibility; realness rated on confidence scale (AUC computable from data); young adults with typical hearing,mean human-vs-synthetic rating 2.61 (human) vs 2.77 (clone) on 5-pt scale; near-chance
ST064,R01243,10.1177/10776990251373088,2025,Daniel E. Vogler,The Short-Term Impact of an On-Site Literacy Intervention on Discerning Deepfake Videos Based on Visual Features,video,https://journals.sagepub.com/doi/full/10.1177/10776990251373088,Sample aged 16+ (may include some minors); intervention (training) arm; data Sept 2023,ratings showed minimal real/fake discrimination (values not extracted)
ST065,R01287,10.48550/arxiv.2402.18085,2024,Govind Mittal,PITCH: AI-assisted Tagging of Deepfake Audio Calls using Challenge-Response,audio,https://arxiv.org/pdf/2402.18085,Also human+AI-assisted condition (84.5%); data year not stated,accuracy 72.6%; AUROC 87.7%
ST066,R01288,10.1145/3613904.3642817,2024,Chaeeun Han,Uncovering Human Traits in Determining Real and Spoofed Audio: Insights from Blind and Sighted Individuals,audio,abstract only (OpenAlex W4396833689; ACM PDF 403),2 studies; blind vs sighted groups; UMBC group (Janeja) - related to R01494 (different participants),accuracy comparable between groups (values not extracted)
ST067,R01313,10.1002/pra2.1309,2025,Chen Chen,Generation Z's Fight Against Deepfake Videos: A Survey on Identification Strategies,audiovisual,abstract only (OpenAlex W4415303535),"Participants under 21 - may include minors, check age; NTU group (Goh) - related design to R01388",numbers missing
ST068,R01381,10.1080/1369118x.2025.2496902,2025,Xinyi Jin,Identifying individual differences in deepfake discernment: the effects of cognitive disposition and visual literacy,video,abstract only (OpenAlex W4409802241),Full text paywalled,deepfake discernment scores (values not extracted)
ST069,R01388,10.1007/978-3-031-61947-2_26,2024,Zhong Tang,Understanding Seniors’ Strategies for Identifying Deepfakes,audiovisual,https://link.springer.com/chapter/10.1007/978-3-031-61947-2_26 (abstract),Mainly qualitative; seniors; NTU group - possibly extended as Huang et al. 2026 J Inf Sci 'Through the eyes of seniors' (possible duplicate),numbers missing
ST070,R01433,10.1109/qomex.2019.8743316,2019,Ali Khodabakhsh,Subjective Evaluation of Media Consumer Vulnerability to Fake Audiovisual Content,audiovisual,abstract only (IEEE/ResearchGate inaccessible),Full text not accessible; verify N and accuracy,numbers missing (not verified)
ST071,R01442,10.61782/fa.2025.0673,2025,Aurora López-Jareño,"Perception Of Audio Deepfakes In Spanish And Japanese: Effects Of Language, Speaking Style, And Voice Familiarity",audio,https://dael.euracoustics.org/confs/landing_pages/fa2025/000673.html,Same stimulus corpus/group as R01873 (Otero-Gonzalez; 54 listeners) - probable overlap; journal version possibly Speech Communication 2026 'Human perception of audio deepfakes: the role of language and speaking style',numbers missing (in landing-page abstract)
ST071,R01873,10.25353/ubtr-e289-1ee9-d984,2026,Manuel Otero-Gonzalez,Comparing humans and neural networks in speech deepfake detection,audio,abstract only (OpenAlex W7169557935; Trier repository),Same corpus and group as R01442 (Lopez-Jareno) - overlapping participants likely,human accuracy/calibration (values not extracted)
ST072,R01494,10.1109/isi58743.2023.10297267,2023,Zahra Khanjani,Learning to Listen and Listening to Learn: Spoofed Audio Detection Through Linguistic Data Augmentation,audio,https://par.nsf.gov/servlets/purl/10502121,"Expert group; N=2 authors; stimuli include non-generative replay (25%) and mimicry (15%); UMBC group, related to R01288",expert accuracy 0.75 on unseen data
ST073,R01501,10.54389/jiku1539,2024,Jason Rodgers,Evaluating the Threshold of Authenticity in Deepfake Audio and Its Implications Within Criminal Justice,audio,https://rda.sliit.lk/entities/publication/673fa0af-b9d5-4841-a88b-cf5d785bf686 (abstract),Includes audio/forensic professionals (expert subgroup); 3AFC design,~1/3 deepfakes detected; ~1/3 real flagged as fake
ST074,R01520,10.3390/acoustics8020041,2026,Jakub Warzych,"Human Detection of Voice-Cloned Speech Under GSM, VoLTE and VoIP Conditions",audio,https://www.mdpi.com/2624-599X/8/2/41,Prolific group + expert group (audio engineering students); Gdansk group as R01069 - check overlap,"accuracy 54.8% overall; d'=0.88 GSM, 0.60 VoIP, -0.20 VoLTE"
ST075,R01528,10.1109/iccraids67816.2026.11519676,2026,Felix Jerome Hidajat,A Human-Centered Analysis of AI Awareness: Investigating User Vulnerabilities to Deepfakes and Voice Cloning,audiovisual,abstract only (OpenAlex W7162142372),Pre/post training design; numbers largely missing,36% increase in detection accuracy (baseline accuracy not in abstract)
ST076,R01567,10.21606/iasdr.2025.1050,2025,Danyal Sarfraz,Synthetic Realities: Evaluating Human Ability to Distinguish AI-Generated Videos from Real Footage,video,https://dl.designresearchsociety.org/iasdr/iasdr2025/pictorials/18/,,"accuracy 60% (real 64%, I2V 79%, outpainting 49%, T2V 43%)"
ST077,R01632,10.31234/osf.io/6xnj5_v1,2025,Han Wang,Cloned voices are easier to understand in noise than their human originals: the voice cloning intelligibility benefit,audio,abstract only (OpenAlex W4413408111; OSF preprint),Main focus intelligibility in noise,~70% discrimination accuracy
ST078,R01669,10.48550/arxiv.2602.20061,2026,Zoha Hayat Bhatti,Can You Tell It's AI? Human Perception of Synthetic Voices in Vishing Scenarios,audio,https://arxiv.org/abs/2602.20061,Paper withdrawn by authors on arXiv,accuracy 37.5%; 75% of AI clips judged human
ST079,R01685,10.1177/20563051251401815,2025,Bo Hu,What Looks Good and Familiar Seems Real: How Heuristic Processing of AI-Powered Synthetic and Real Videos Shapes User Perceptions and Detection Accuracy,video,https://journals.sagepub.com/doi/full/10.1177/20563051251401815,"China, data May-June 2024","realness-slider detection means: real 59.8, synthetic 43.4, deepfake 47.3 (0-100)"
ST080,R01695,10.1007/s10772-023-10027-y,2023,Björn Herrmann,The perception of artificial-intelligence (AI) based synthesized speech in younger and older adults,audio,https://link.springer.com/article/10.1007/s10772-023-10027-y (abstract),Multiple experiments; younger and older adult groups; data on OSF (osf.io/4jufv),discrimination reported (values not extracted); older adults less able
ST081,R01733,10.48550/arxiv.2602.03374,2026,Danqing Shi,How do people watch AI-generated videos of physical scenes?,video,https://arxiv.org/html/2602.03374,"Same study as R01838 (Shi et al., Cambridge version) - duplicate","accuracy 66.4% (physics 70.8%, professional 62.0%)"
ST081,R01838,10.17863/cam.131406,2026,Danqing Shi,Perceived authenticity drives gaze behavior when watching AI-generated videos of physical scenes.,video,abstract only (OpenAlex W7167248896; Cambridge repository),"Duplicate of R01733 (same authors, same N=40)",accuracy 66.4% (per arXiv version R01733)
ST082,R01809,10.5281/zenodo.19178899,2026,Lorrenz A. Amarille,Reyal or Fa-ke!: Risks of Misidentifying AI-Generated Videos as Human-Made Among Computer Engineering Students at Bulacan State University,video,abstract only (OpenAlex W7140130377; Zenodo),Student sample (tech-literate),accuracy ~65% (3.27/5)
ST083,R01825,10.54941/ahfe1007372,2026,Yue Liu,Human Cognitive Processing Strategies in the Detection of AI-Generated Synthetic Media,video,https://openaccess-api.cms-conferences.org/articles/download/978-1-964867-81-6_17,Mixed-media study; only video condition eligible; generator unknown,video accuracy 0.74
ST084,R01880,,2026,Viktor Ekdahl,Gen Z users and AI-generated content : A dual process perspective on social media users decision making when identifying AI-generated videos,video,abstract only,Qualitative bachelor thesis (Uppsala DiVA); think-aloud classification of authentic and AI videos; correct/incorrect counts may be computable from full text (DiVA blocked),numbers missing
ST085,R01898,,2026,Xue Li,The Effects of Mouth Movement Manipulation on Human Performance in Detecting Deepfakes,video,https://aisel.aisnet.org/context/whiceb2026/article/1107/viewcontent/121.pdf,Only mean ranks (82.45 vs 112.01) reported for identification performance; unclear whether real videos were included (possibly fake-only); WHICEB 2026,numbers missing
ST086,R01899,10.1109/tcss.2026.3667623,2026,Michele Brienza,An Analysis of the Human Ability to Detect Deepfakes With Geopolitical Content,video,abstract only,Likely fake-only (3 deepfakes); IEEE TCSS full text not accessible,numbers missing
ST087,R01910,10.48550/arxiv.2605.24287,2026,Tuğrulcan Elmas,Humans Cannot Detect AI-Generated Media But Communities May -- For Now: Collaborative AI Detection in r/RealOrAI on Reddit,video,https://arxiv.org/html/2605.24287,"Naturalistic observational data, aggregate community predictions not individual participants; mixed media (photos, art, video, audio); Aug 2022-Apr 2026","video F1 76.6% (precision 69.2%, recall 85.7%); overall community accuracy 72%"
ST088,R01920,10.26153/tsw/1450,2018,Aubrey Lauren O'Neal,Is Google Duplex too human? : exploring user perceptions of opaque conversational agents,audio,abstract only,"2018 master's report (UT Austin Texas ScholarWorks, fetch blocked 403); abstract says users struggle to distinguish human vs advanced machine voices",numbers missing
ST089,R01943,,2026,Akanksha Shukla,The Impacts of Generative AI on Individual Ability to Detect AI-Generated Deceptions,video,https://aisel.aisnet.org/cgi/viewcontent.cgi?article=1340&context=amcis2026,"AMCIS 2026 pilot; multimodal (text/photo/video), reports response time and confidence, not accuracy; unclear whether video manipulations are generative deepfakes",numbers missing
ST090,R01958,10.17605/osf.io/bdr4g,2025,"Lyall, Ruby",How Emotion and Visual Quality Shape Human Deepfake Detection,video,abstract only,OSF preregistration reporting results of an earlier experiment; new replication with cognitive-load condition planned; the earlier experiment may be published separately,accuracy 86% (emotional) vs 92% (neutral) visually rich; 53% vs 40% degraded
ST091,R01961,10.3390/app16041910,2026,María Vianella Giménez Ramos,Evaluation of the Human Capacity to Detect Spanish Deepfake Audios with a Paraguayan Accent,audio,https://www.mdpi.com/2076-3417/16/4/1910,"90 clips (45 real/45 fake), 10 per participant; data Jan 2024-Jan 2026; ages 16-72 (includes some minors); compared with Wav2Vec 2.0",accuracy ~60%
ST092,R01971,10.48550/arxiv.2601.10383,2026,Marcel Gohsen,Does Cognitive Load Affect Human Accuracy in Detecting Voice-Based Deepfakes?,audio,https://arxiv.org/html/2601.10383,Two experiments (Exp 2 audio with video stimulus); 12 real/12 fake clips; university volunteers,"accuracy 68% single-task, 66% dual-task, 75% video condition"
ST093,R01974,10.5281/zenodo.22278782,2026,Joseph Dr. Longardner,A Group Listening Experiment on Authorship Discrimination in AI-Generated and Human-Produced Music Across Three Instrumental Genres,music,abstract only,"Group listening over loudspeakers, Sichuan Conservatory music students (expert-ish); builds on Longardner (2026) individual headphone study, same author, check for that separate record",accuracy 48.16%
ST094,R01996,10.1007/978-3-032-02949-2_4,2025,Nikita Bhutani,Human Performance in Deepfake Detection: Exploring Multimodal and Demographic Influences,audiovisual,abstract only,"Springer chapter; full text blocked; reports familiarity, social media use, age effects; image condition must be excluded from extraction",numbers missing
ST095,R02003,10.5281/zenodo.17880804,2025,Sarvar Maxmudjanov,HUMAN PERCEPTION VERSUS ARTIFICIAL INTELLIGENCE IN DEEPFAKE VIDEO DETECTION: AN EMPIRICAL STUDY,video,abstract only,Tashkent University students; Zenodo,accuracy 57%
ST096,R02016,10.48550/arxiv.2505.22581,2025,Kartik Kuckreja,"Tell me Habibi, is it Real or Fake?",audiovisual,https://arxiv.org/html/2505.22581,20 videos each; 15 native Arabic speakers,accuracy 60%
ST097,R02087,10.17605/osf.io/uh327,2026,Samuel Gardner,Reaction Time Judgments for AI-Generated Music VS Human-Composed Music,music,abstract only,OSF preregistration; data collection ongoing; 2 experiments (Exp 2 cover-band framing),numbers missing
ST098,R02112,10.48550/arxiv.2605.28064,2026,Lelia Erscoi,"I Hear, Therefore I Trust: A Socio-Technical Investigation of Humans as Synthetic Speech Detectors",audio,https://arxiv.org/html/2605.28064,Data Dec 2025; duplicate of R02400 (dataset record of same study),"accuracy authentic 96.4%, fully synthetic 8.3%, partially synthetic 56.1%"
ST098,R02400,10.5281/zenodo.20383080,2026,Lelia Erscoi,"[Dataset] ""I Hear, Therefore I Trust"" - Trial-level evaluation data from a synthetic speech detection study",audio,abstract only,"Duplicate of R02112 (same study, N=47, 940 trials); use for trial-level data, not a separate study",numbers missing
ST099,R02120,10.48550/arxiv.2608.14391,2026,Shuo Liang,"Can We Defend Against AI-Generated Video Attacks on Real-World Crisis Events? A Systematic Evaluation of Detectors, Generators and Social Dissemination",video,https://arxiv.org/html/2608.14391,Fake-only; small reviewer panel (likely researchers),"% judged generated: open-source 68.6%, closed-source 52.9%"
ST100,R02170,10.48550/arxiv.2603.14658,2026,Marco Postiglione,Human-AI Ensembles Improve Deepfake Detection in Low-to-Medium Quality Videos,video,https://arxiv.org/html/2603.14658,Two studies/datasets; confidence Likert converted to probabilities,accuracy 78.4% CharadesDF
ST101,R02187,10.26153/tsw/11785,2020,"Jin, Lu (M.S. In Information Studies)","Cheated by deepfakes? deepfake detection ability, people’s reactions, and ethical implications",video,abstract only,"UT Austin repository blocked (403); FF++ includes graphics-based manipulations (FaceSwap/Face2Face), so check which were used for E5",numbers missing
ST102,R02234,10.1002/pra2.1310,2025,Chen Chen,"The Role of Self‐Efficacy, Critical Thinking, and Media Literacy in Human Deepfake Video Detection",video,abstract only,"Possible overlapping sample with Chen & Goh CHI 2026 (arXiv 2602.01284: N=195, 10 real/10 fake, accuracy 76%) and R02617 (Goh)",numbers missing
ST102,R02618,10.48550/arxiv.2602.01284,2026,Chen Chen,"Seeing, Hearing, and Knowing Together: Multimodal Strategies in Deepfake Videos Detection",video,https://arxiv.org/html/2602.01284,CHI 2026 preprint; Singapore convenience/snowball sample aged 21-40; no training or feedback,"accuracy 76% (real 79%, fake 72%)"
ST103,R02253,10.48550/arxiv.2512.13281,2025,Jiaqi Wang,VideoASMR-Bench: Can AI-Generated ASMR Videos Fool VLMs and Humans?,audiovisual,https://arxiv.org/html/2512.13281,Annotators include video-generation researchers (expert) and non-experts,accuracy 87.5% (F1 70.34)
ST104,R02278,10.48550/arxiv.2406.08052,2024,Zeyu Xie,FakeSound: Deepfake General Audio Detection,audio,https://arxiv.org/html/2406.08052,General audio (not speech); partial manipulations (regions regenerated); 3 test sets,"accuracy 59% easy, 56% hard, 51% zero-shot"
ST105,R02326,10.48550/arxiv.2602.07986,2026,Md. Tarek Hasan,Deepfake Synthesis vs. Detection: An Uneven Contest,video,https://arxiv.org/html/2602.07986,"20 clips per participant, low/high resolution; high vs low GenAI experience groups","AUC 93.1, d'=7.01 (as reported)"
ST106,R02443,10.48550/arxiv.2605.04797,2026,Michael Soprano,Beyond Seeing Is Believing: On Crowdsourced Detection of Audiovisual Deepfakes,audiovisual,https://arxiv.org/html/2605.04797,"Two matched studies; 96 videos, 960 judgments; majority-vote metrics; data Oct 2025","authentic recall 91.7%; manipulated recall 55.6% (TMC), 27.8% (AV-Deepfake1M)"
ST107,R02485,10.1177/2327857924131020,2024,Zachary R. Tidler,Effects of Neurodivergence on Deepfake-Video Detection: Autism Spectrum Disorder,video,https://journals.sagepub.com/doi/10.1177/2327857924131020,No significant group difference; companion MCI paper (10.1177/2327857924131023) by same authors may share control group or paradigm,numbers missing
ST108,R02532,10.11114/smc.v14i3.8611,2026,Maisoon Osama Alsebaei,Self-Assessed Detection Ability for Identifying AI-Generated Visual Content: Evidence from Saudi Arabia,video,https://redfame.com/journal/index.php/smc/article/download/8611/7364,"8 videos (3 real, 5 Sora); image items to be excluded","video accuracy 56.4%; overall 57.6%, d'=0.51"
ST109,R02626,10.48009/1_iis_2024_114,2024,,FACIAL EXPRESSIONS ANALYSIS FOR DEEP FAKE AND GENUINE VIDEO RECOGNITION,video,https://iacis.org/iis/2024/1_iis_2024_159-174.pdf,Only 4 stimuli; the main outcome is facial expression analysis; numbers missing,numbers missing (confidence differences reported; real/fake judgment accuracy not clearly given)
ST110,R02629,10.63313/ah.9035,2026,Yijia Chen,Research on the Audience’s Ability to Identify AI-Generated Pop Music,music,https://pdf.erytis.com/ah/ah.9035.pdf,"Questionnaire study (50 distributed, 33 valid); subgroup success rates by musical training; the design is weak, so check how accuracy was scored",accuracy 57.6% (19/33 correct)
ST111,R02637,10.5920/jcms.1704,2026,Joseph Dr. Longardner,A Multi-Genre Study of Identification and Style Bias of AI-Generated Music,music,abstract only,Full text blocked (Anubis); abstract reports genre-level patterns only; prior AI-music experience improved detection,numbers missing
ST112,R02647,10.2139/ssrn.6907292,2026,Micol Iannuzzi,Real or AI? A Study of Layperson and Police Officer Responses to AI-Generated Media,video,https://papers.ssrn.com/sol3/papers.cfm?abstract_id=6907292,"Expert group (police officers); mixed image+video, so extract the video subset; abstract only","numbers missing (laypeople above chance, police at chance)"
ST113,R02716,,2025,"van Dijk, Sten",Under pressure : the influence of psychological and cognitive factors in deepfake detection under time pressure,video,https://api.openalex.org/works/W7113693101 (abstract),"Master's thesis (Turku), closed access; prior deepfake experience predicted accuracy",numbers missing
ST114,R02728,10.2139/ssrn.5811048,2025,Alan B. Franklin,Accuracy in Identifying Deepfake Videos: Exploring Factors That Enhance and Impair Detection,video,abstract only,"SSRN abstract not retrievable (the page returned another paper); decided on title only, so verify design (real+fake) and N",numbers missing
ST115,R02745,10.48550/arxiv.2605.26136,2026,Nicolas M. Müller,Eroding Trust in Real Speech: A Large-Scale Study of Human Audio Deepfake Perception,audio,https://arxiv.org/html/2605.26136,"Immediate feedback after each trial; self-selected web sample; compares against a 2021 baseline (472 participants, 13 systems), which is likely the earlier Mueller et al. study, so check overlap/duplicate","accuracy 68.7% (real correct 64.1%, fake correct 71.2%)"
ST116,R02751,10.2139/ssrn.6992658,2026,Sarah Abdelwahab Gaballah,Still Can’t Tell: A Close Replication of “Fooled Twice: People Cannot Detect Deepfakes But Think They Can”,video,abstract only,"No abstract available; replication of Koebis et al. 2021 (Fooled Twice), so do not double-count with the original; Koebis/Soraperra are co-authors",numbers missing
ST117,R02793,10.48550/arxiv.2609.28659,2026,Magdalena Pasternak,"""What I See is What I Hear"": Deepfake Detection Across Diverse Hearing Abilities",audiovisual,https://arxiv.org/abs/2609.28659,Multiple groups; audio-only and audiovisual conditions; DHH false-positive rate 29.7% vs 11.2%; arXiv HTML rate-limited so generators not verified,accuracy 88.0% hearing vs 76.4% DHH; AV 84-87%
ST118,R02819,10.1016/j.chb.2026.108923,2026,Casey Becker,Brain responses to deepfakes and real videos of emotional facial expressions reveal detection without awareness,video,https://www.sciencedirect.com/science/article/abs/pii/S0747563226000208,EEG study; the behavioral detection task is secondary; SSRN preprint 10.2139/ssrn.5251558 is the same study,numbers missing (participants struggled in explicit detection)
ST119,R02858,10.1145/3816046.3816200,2026,Ariadna Sanchez,When Text-to-Speech Speaks in Your Voice: A Study on Public Perception,audio,https://www.research.ed.ac.uk/en/publications/18d0d728-b2ce-4f85-9a6a-98b825e83684,Own-voice paradigm (self-voice); N not given in abstract; ACM CUI 2026,accuracy 87%
ST120,R02889,10.31234/osf.io/zqf38_v1,2026,Liana Cheetham,Psychological inoculation against deepfakes,video,https://api.openalex.org/works/W7154100510 (abstract),Intervention vs control groups; no response-bias change; PsyArXiv full text not fetchable (robots),numbers missing (inoculation effect d=0.625 on accuracy)
ST121,R03000,10.21437/interspeech.2025-2583,2025,Oğuzhan Başer,PhonemeFake: Redefining Deepfake Realism with Language-Driven Segmental Manipulation and Adaptive Bilevel Detection,audio,https://arxiv.org/pdf/2506.22783,"Sample ages 6-55, so it includes minors and adult data may not be separable; the human study is secondary to the algorithm paper",numbers missing (PhonemeFake reduced human detection accuracy by up to 42%)
ST122,R03016,,2026,Yue Liu,Understanding Human Detection of Multimedia Deception,video,https://aisel.aisnet.org/cgi/viewcontent.cgi?article=1023&context=sais2026,Pilot; unclear whether the video manipulations are generative (deepfake) or not; mixed modalities; possible overlap with R03200 (same authors Liu and Ho),numbers missing (only response times/qualitative)
ST123,R03200,10.47989/ir31iconf64198,2026,Yue Liu,Information priming for resilience: strengthening belief systems in the age of deepfakes,video,https://api.openalex.org/works/W7138847651 (abstract),"Full text blocked (Anubis); multiple groups (control, conceptual, perceptual priming); same authors as R03016 and likely an overlapping or extended sample; unclear whether the multimedia items are generative",numbers missing
ST124,R03244,10.48550/arxiv.2604.21760,2026,Timothy J. Murphy,Interpretable facial dynamics as behavioral and perceptual traces of deepfakes,video,https://arxiv.org/html/2604.21760,Stimuli are point-light displays derived from videos (texture removed); student sample (mean age 19.7); no feedback,accuracy 50.5%
ST125,R03350,10.1049/ise2/2236872,2026,Anette Habanen,Utilising Video Deepfakes for Paper Voting Privacy Defence,video,https://api.openalex.org/works/W7140317907 (abstract),Non-face video (ballot footage); mixed images and videos; full text 403,numbers missing (humans recognise fakes relatively well)
ST126,R03497,10.31219/osf.io/awrqc_v1,2025,Eugenia San Segundo,PERCEPTUAL EVALUATION OF SYNTHETIC VOICE DETECTION WITH DYSPHONIC SPEAKERS,audio,https://api.openalex.org/works/W4411797002 (abstract),OSF preprint PDF not readable; N listeners not given; possibly phonetician listeners,numbers missing
ST127,R03504,10.1016/j.jisa.2026.104554,2026,Clara Palacios-Castrillo,Analysis of the security and privacy of smart personal assistants with real and synthetic voices,audio,https://api.openalex.org/works/W7166503909 (abstract),OA (CC-BY) but full text not fetched; most of the paper is on device spoofing,numbers missing (only marginally better than chance)
ST128,R03526,10.48448/6m22-0m80,2025,Cognitive Science Society 2025,Unmasking political deception: Investigating the Discernment and Emotional Impact of Deepfake Political Speeches Featuring American Presidential Candidates,audiovisual,https://api.openalex.org/works/W7154573827 (abstract),CogSci 2025 talk recording (Underline); some stimuli are recontextualised historical speeches (possible cheap-fake component),numbers missing (no significant difference in perceived authenticity real vs deepfake)
ST129,R03605,,2025,Seyhan Canyakan,Exploring perceptual boundaries: Assessing human ability to differentiate AI-cloned from real voices,audio,https://api.openalex.org/works/W7131192590 (abstract),"DergiPark, closed","accuracy ~65% (real 70%, cloned 60%)"
ST130,R03978,10.1121/10.0040365,2025,Pasquale Bottalico,Can artificial inteligence accurately clone dysphonic voices? A perceptual and intelligibility assessment,audio,https://api.openalex.org/works/W7160889028 (abstract),"JASA conference abstract; likely duplicate of R06466 (Bottalico et al., same dysphonic cloning study); 3 experiments; 12 speakers",identification accuracy 66.8%; real-dysphonic vs AI discrimination 31.1%
ST130,R06466,10.1016/j.jvoice.2026.04.034,2026,Bottalico Pasquale,Exploring Dysphonic Artificial Intelligence Voice Cloning for Speech Intelligibility in Noise.,audio,abstract only,"Likely duplicate of R03978 (Bottalico et al., dysphonic AI voice cloning); multiple experiments",numbers missing
ST131,R04453,10.48550/arxiv.2608.19959,2026,Milan Šalko,Tracking the Trend in How Speech Synthesizers Deceive People,audio,https://arxiv.org/abs/2608.19959,Participants are IT professionals (expert-ish group); warned about deepfakes; full vs partial spoof conditions,"F1 ~90% (RTVC, YourTTS) to 48% (ElevenLabs); partial spoof strict accuracy 9%, 77% synthetic judged genuine"
ST132,R04649,10.1093/cybsec/tyag001,2026,Neil William Kirk,Vigilance towards AI voices can be nudged through a change in ‘MINDSET’,audio,https://academic.oup.com/cybersecurity/article/12/1/tyag001/8429000,Two experiments (N=150 each); nudge conditions; check for overlap with other Kirk voice studies,SDT sensitivity and bias (B''D); nudge reduced human-response bias
ST133,R04681,10.48550/arxiv.2609.07369,2026,Severyn Shykula,DF26: We Cannot Tell Fake From Real Anymore,video,https://api.openalex.org/works/W7212083156 (abstract),arXiv PDF unreadable; N and accuracy to extract,numbers missing (near chance)
ST134,R04707,10.1145/3774761.3774918,2025,Filipo Sharevski,"""You Creep! It Really Worked!"": An Empirical Study of Telephone Scams with Cloned Familiar Voices and Trusted Caller IDs",audio,https://api.openalex.org/works/W7126039195 (abstract),fake-only; field/simulated scam calls; small N,numbers missing (most deceived)
ST135,R04719,,2026,Eino Laakso,Deepfaket kehittyvänä kyberturvallisuusuhkana: Havaitsemistietoisuus ja simulaatiopohjainen arviointi yritysympäristössä,audiovisual,https://api.openalex.org/works/W7165068004 (abstract),Finnish MSc thesis; rating-based (human-likeness) — verify real-vs-fake judgment; image arm must be excluded; audio and video arms separate,numbers missing
ST136,R04739,,2025,Martin Brixvi,AI eller Människa – Kan vi höra skillnaden? : En kvantitativ studie om människors förmåga att skilja påAI‐genererat tal och mänskligt tal,audio,https://api.openalex.org/works/W7165281203 (abstract),Swedish bachelor thesis,SDT; strong bias to judge 'human' (numbers to extract)
ST137,R04764,10.1109/icipw68931.2025.11386083,2025,Devi S. Klein,Perceptual Realness of Generative Audio-Visual Content,audiovisual,https://api.openalex.org/works/W7129626451 (abstract),Dolby; ICIP workshop 2025,numbers missing (visual fakes detected better than audio)
ST138,R04791,10.12681/cclabs.9692,2026,Lazaros Vrysis,"Ανθρώπινο ή Τεχνητό; Εντοπισμός Περιεχομένου Τεχνητής Νοημοσύνης σε Μουσική, Αφήγηση και Βίντεο",audiovisual,https://api.openalex.org/works/W7131357622 (abstract),"Greek conference paper; three modalities (music, speech narration, video) analyze separately; PDF 403",numbers missing
ST139,R04798,10.1145/3772363.3799321,2026,Leslie Wöhler,Appearance and Motion Realism in AI Video Generation and Editing,video,https://api.openalex.org/works/W7153729281 (abstract),CHI EA 2026 (NHK); 5 conditions,numbers missing
ST140,R04829,10.48550/arxiv.2609.11404,2026,Guy Frankovits,Deep-Fake CAPTCHA: Mitigating Next-Generation Social Engineering Attacks,audiovisual,https://api.openalex.org/works/W7212277087 (abstract),Audio and video arms; intervention condition; arXiv full text rate-limited,numbers missing (people struggle passively)
ST141,R04845,10.5281/zenodo.19463141,2026,Catherine E. Davodi,Video Dataset: Perceptual Judgments of Authenticity,video,https://hfarid.org/downloads/publications/cvprw26a.pdf,"Zenodo dataset record; duplicate of the CVPRW 2026 paper (Davodi, Barrington, Farid, Cooper) if that is a separate record; Prolific, 2025; duration conditions",real ~60% correct; AI 57.7% (frame) to 74.6% (8 s); d' reported
ST142,R06465,10.1016/j.jvoice.2026.04.042,2026,Albayrak Ahmet,From Generation to Detection: A Multimodal LLM-Based Framework for Realistic Vishing Attacks in Turkish.,audio,abstract only,"fake-only likely; modality inferred (voice phishing, J Voice); PubMed blocked",% judged real (value to extract)
ST143,R06666,10.1109/cmi51275.2020.9322673,2020,Reza Arkan Partadiredja,AI or Human: The Socio-ethical Implications of AI-Generated Media Content,audio,https://researchportal.vub.be/en/publications/ai-or-human-the-socio-ethical-implications-of-ai-generated-media-/,Only sound items eligible; images/text excluded; type of sound (music vs speech) unknown,numbers missing (per-modality)
ST144,R07454,10.1145/3772318.3791799,2026,Kaniz Fatima,"Beyond the Naked Eye: Empirical Study of How People Perceive, Detect, and Respond to AI-Manipulated Videos",video,https://api.openalex.org/works/W7154167346 (abstract),CHI 2026; ACM full text blocked,numbers missing (poor accuracy and calibration)
ST145,R07455,10.1145/3772318.3790501,2026,Shuning Zhang,Collab: Fostering Critical Identification of Deepfake Videos on Social Media via Synergistic Annotation,video,https://arxiv.org/html/2601.17371v1,Mixed expertise incl. experts; intervention conditions; 7-day study,"F1 0.883 Collab, 0.797 no aggregation, 0.706 no label"
ST146,R07494,10.1177/2056305120903408,2020,Cristian Vaccari,"Deepfakes and Disinformation: Exploring the Impact of Synthetic Political Video on Deception, Uncertainty, and Trust in News",video,https://journals.sagepub.com/doi/full/10.1177/2056305120903408,fake-only; three versions of the same deepfake; voice was human impersonation (visual deepfake),16% deceived; 33.2% uncertain; 50.8% not deceived
ST147,R07515,10.1109/icoten52080.2021.9493549,2021,Mohammad Faisal Bin Ahmed,Awareness to Deepfake: A resistance mechanism to Deepfake,video,https://api.openalex.org/works/W3183869905 (abstract),Bangladesh; two phases; may be fake-only,numbers missing
ST148,R07528,10.1038/s41598-023-39944-3,2023,Christopher Doss,Deepfakes and scientific knowledge dissemination,video,https://www.nature.com/articles/s41598-023-39944-3,"Five populations incl. teachers, principals, CMU students and middle-school students (minors; exclude that group); N per group to extract",deepfakes 46-80% correct; authentic 50-66% correct
